"","Venue","Season","Date","Year","Month","Opp","W/L","HomeScore","AwayScore","HomeFGmade","HomeFGattempted","HomeFGpct","Home3ptmade","Home3ptattempted","Home3ptpct","HomeFreeThrowsMade","HomeFreeThrowsAttempted","HomeFreeThrowPct","HomeOffensiveRebounds","HomeTotalRebounds","HomeAssists","HomeSteals","HomeBlocks","HomeTurnovers","HomeFouls","AwayFGmade","AwayFGattempted","AwayFGpct","Away3ptmade","Away3ptattempted","Away3ptpct","AwayFreeThrowsMade","AwayFreeThrowsAttempted","AwayFreeThrowPct","AwayOffensiveRebounds","AwayTotalRebounds","AwayAssists","AwaySteals","AwayBlocks","AwayTurnovers","AwayFouls"
"1","ILL","2020","2020-12-15","2020","12","Minnesota","1",92,65,34,64,0.531,7,19,0.368,17,25,0.68,7,49,21,2,2,13,27,19,69,0.275,7,28,0.25,20,32,0.625,10,32,10,7,6,8,19
"2","ILL","2020","2020-12-26","2020","12","Indiana","1",69,60,24,54,0.444,7,20,0.35,14,18,0.778,7,38,15,5,2,11,9,23,58,0.397,7,18,0.389,7,9,0.778,2,26,9,6,4,7,15
"3","ILL","2020","2021-01-02","2021","01","Purdue","1",66,58,25,52,0.481,7,20,0.35,9,22,0.409,5,36,17,6,6,11,15,22,56,0.393,7,16,0.438,7,12,0.583,5,32,11,3,4,14,20
"4","ILL","2020","2021-01-10","2021","01","Maryland","0",63,66,25,61,0.41,5,15,0.333,8,12,0.667,8,34,15,7,2,8,13,22,55,0.4,8,20,0.4,14,17,0.824,7,29,8,2,7,10,13
"5","ILL","2020","2021-01-16","2021","01","Ohio State","0",81,87,29,60,0.483,9,26,0.346,14,20,0.7,10,28,15,6,1,10,20,29,54,0.537,11,21,0.524,18,23,0.783,6,27,12,6,1,11,20
"6","ILL","2020","2021-01-19","2021","01","Penn State","1",79,65,26,57,0.456,7,23,0.304,20,28,0.714,7,33,18,7,8,14,21,21,62,0.339,7,18,0.389,16,21,0.762,12,36,8,10,0,15,26
"7","ILL","2020","2021-01-29","2021","01","Iowa","1",80,75,29,58,0.5,8,19,0.421,14,17,0.824,8,36,15,6,1,12,14,31,72,0.431,10,25,0.4,3,6,0.5,11,30,17,4,4,8,15
"8","ILL","2020","2021-02-06","2021","02","Wisconsin","1",75,60,28,53,0.528,5,16,0.313,14,21,0.667,10,44,16,8,1,18,10,25,60,0.417,4,24,0.167,6,11,0.545,2,19,6,10,4,11,16
"9","ILL","2020","2021-02-16","2021","02","Northwestern","1",73,66,27,52,0.519,8,21,0.381,11,22,0.5,8,32,16,5,2,15,16,27,64,0.422,6,25,0.24,6,8,0.75,6,30,4,6,1,12,22
"10","ILL","2020","2021-02-25","2021","02","Nebraska","1",86,70,30,62,0.484,4,23,0.174,22,29,0.759,12,43,13,8,2,14,19,27,61,0.443,5,21,0.238,11,16,0.688,3,25,8,4,2,14,25
"11","ILL","2021","2021-12-03","2021","12","Rutgers","1",86,51,32,66,0.485,12,33,0.364,10,11,0.909,12,45,19,8,6,10,10,21,68,0.309,7,17,0.412,2,4,0.5,11,27,14,5,2,13,15
"12","ILL","2021","2022-01-06","2022","01","Maryland","1",76,64,28,68,0.412,8,30,0.267,12,18,0.667,17,41,9,4,2,6,13,23,50,0.46,6,16,0.375,12,20,0.6,4,26,9,5,2,7,15
"13","ILL","2021","2022-01-14","2022","01","Michigan","1",68,53,22,47,0.468,6,20,0.3,18,21,0.857,9,30,11,2,2,13,14,22,60,0.367,1,10,0.1,8,14,0.571,15,30,5,7,1,11,20
"14","ILL","2021","2022-01-17","2022","01","Purdue","0",88,96,32,77,0.416,12,33,0.364,12,15,0.8,5,35,15,5,2,6,23,31,68,0.456,8,18,0.444,26,32,0.813,9,42,13,3,3,12,15
"15","ILL","2021","2022-01-25","2022","01","Michigan State","1",56,55,22,53,0.415,9,29,0.31,3,7,0.429,4,25,14,2,2,6,17,19,55,0.345,3,14,0.214,14,17,0.824,11,38,9,5,6,10,15
"16","ILL","2021","2022-02-02","2022","02","Wisconsin","1",80,67,32,62,0.516,7,22,0.318,9,18,0.5,7,35,21,5,2,6,14,26,68,0.382,3,24,0.125,12,15,0.8,12,38,8,3,0,6,19
"17","ILL","2021","2022-02-13","2022","02","Northwestern","1",73,66,25,58,0.431,10,29,0.345,13,19,0.684,8,43,15,7,3,19,14,24,62,0.387,7,24,0.292,11,18,0.611,3,27,10,12,2,13,22
"18","ILL","2021","2022-02-24","2022","02","Ohio State","0",83,86,30,63,0.476,12,25,0.48,11,17,0.647,7,24,15,7,0,9,22,27,52,0.519,6,12,0.5,26,32,0.813,4,27,7,3,5,11,18
"19","ILL","2021","2022-03-03","2022","03","Penn State","1",60,55,18,50,0.36,9,28,0.321,15,17,0.882,9,28,11,6,3,8,9,23,55,0.418,8,25,0.32,1,3,0.333,4,27,8,4,0,9,17
"20","ILL","2021","2022-03-06","2022","03","Iowa","1",74,72,26,62,0.419,8,22,0.364,14,18,0.778,10,38,16,2,5,11,19,27,62,0.435,8,21,0.381,10,22,0.455,10,34,13,5,4,10,19
"21","ILL","2022","2022-12-10","2022","12","Penn State","0",59,74,23,52,0.442,7,23,0.304,6,12,0.5,7,31,11,4,4,11,11,27,54,0.5,12,24,0.5,8,10,0.8,3,25,13,9,1,9,15
"22","ILL","2022","2023-01-07","2023","01","Wisconsin","1",79,69,25,53,0.472,10,19,0.526,19,26,0.731,7,37,14,5,6,10,14,28,64,0.438,8,29,0.276,5,12,0.417,10,34,12,6,2,9,21
"23","ILL","2022","2023-01-13","2023","01","Michigan State","1",75,66,27,60,0.45,6,18,0.333,15,18,0.833,8,29,11,4,10,5,10,28,65,0.431,0,7,0,10,13,0.769,12,39,4,2,2,9,17
"24","ILL","2022","2023-01-19","2023","01","Indiana","0",65,80,24,62,0.387,8,19,0.421,9,23,0.391,12,25,7,11,2,8,8,34,55,0.618,3,9,0.333,9,13,0.692,6,32,13,4,6,14,19
"25","ILL","2022","2023-01-24","2023","01","Ohio State","1",69,60,24,59,0.407,5,28,0.179,16,18,0.889,13,42,13,4,6,10,20,22,60,0.367,4,10,0.4,12,20,0.6,8,24,8,6,3,6,16
"26","ILL","2022","2023-01-31","2023","01","Nebraska","1",72,56,25,60,0.417,5,29,0.172,17,22,0.773,9,35,14,9,4,12,14,20,50,0.4,8,20,0.4,8,10,0.8,3,27,9,5,2,19,20
"27","ILL","2022","2023-02-20","2023","02","Minnesota","1",78,69,27,56,0.482,10,26,0.385,14,26,0.538,10,37,8,4,2,8,18,27,57,0.474,6,17,0.353,9,15,0.6,6,32,14,5,1,8,19
"28","ILL","2022","2023-02-11","2023","02","Rutgers","1",69,60,27,56,0.482,5,20,0.25,10,15,0.667,10,37,9,3,7,16,11,24,69,0.348,4,16,0.25,8,12,0.667,12,31,7,9,6,8,14
"29","ILL","2022","2023-02-23","2023","02","Northwestern","1",66,62,22,50,0.44,7,24,0.292,15,21,0.714,8,36,6,6,6,16,16,22,63,0.349,9,21,0.429,9,12,0.75,10,29,7,11,2,10,18
"30","ILL","2022","2023-03-02","2023","03","Michigan","1",91,87,30,72,0.417,5,18,0.278,26,34,0.765,12,43,9,9,4,7,19,31,70,0.443,8,21,0.381,17,24,0.708,9,45,8,1,7,12,25
"31","IOWA","2020","2020-12-22","2020","12","Purdue","1",70,55,24,56,0.429,12,34,0.353,10,14,0.714,9,34,21,6,4,11,10,23,58,0.397,8,25,0.32,1,3,0.333,8,32,17,6,3,14,16
"32","IOWA","2020","2020-12-29","2020","12","Northwestern","1",87,72,28,58,0.483,11,26,0.423,20,25,0.8,7,32,17,6,2,9,12,26,59,0.441,11,25,0.44,9,12,0.75,8,30,15,5,2,11,17
"33","IOWA","2020","2021-01-10","2021","01","Minnesota","1",86,71,31,56,0.554,9,14,0.643,15,21,0.714,4,39,27,3,2,10,15,25,71,0.352,10,34,0.294,11,16,0.688,11,34,15,7,2,7,17
"34","IOWA","2020","2021-01-21","2021","01","Indiana","0",69,81,24,63,0.381,5,23,0.217,16,21,0.762,16,45,14,5,3,10,25,26,53,0.491,8,17,0.471,21,35,0.6,7,28,15,6,4,8,20
"35","IOWA","2020","2021-02-02","2021","02","Michigan State","1",84,78,28,56,0.5,5,17,0.294,23,35,0.657,13,38,16,3,5,4,17,28,70,0.4,12,29,0.414,10,15,0.667,19,37,16,3,4,8,28
"36","IOWA","2020","2021-02-04","2021","02","Ohio State","0",85,89,30,68,0.441,14,32,0.438,11,17,0.647,11,35,20,4,0,6,13,31,65,0.477,14,32,0.438,13,19,0.684,11,42,20,4,4,6,19
"37","IOWA","2020","2021-02-10","2021","02","Rutgers","1",79,66,26,60,0.433,11,23,0.478,16,20,0.8,12,38,20,6,5,9,13,28,64,0.438,6,28,0.214,4,6,0.667,10,29,18,6,4,9,20
"38","IOWA","2020","2021-02-21","2021","02","Penn State","1",74,68,26,58,0.448,10,25,0.4,12,22,0.545,9,41,19,5,3,15,15,22,62,0.355,11,33,0.333,13,17,0.765,7,34,13,10,2,10,20
"39","IOWA","2020","2021-03-04","2021","03","Nebraska","1",102,64,38,74,0.514,16,43,0.372,10,16,0.625,8,44,25,12,7,8,10,22,65,0.338,12,36,0.333,8,10,0.8,8,36,14,3,2,20,11
"40","IOWA","2020","2021-03-07","2021","03","Wisconsin","1",77,73,28,55,0.509,7,23,0.304,14,20,0.7,8,34,17,2,7,9,12,28,60,0.467,9,24,0.375,8,8,1,2,23,16,7,2,6,21
"41","IOWA","2021","2021-12-06","2021","12","Illinois","0",83,87,31,69,0.449,8,22,0.364,13,19,0.684,9,20,16,9,5,4,21,26,59,0.441,11,25,0.44,24,28,0.857,16,47,16,4,0,14,19
"42","IOWA","2021","2022-01-03","2022","01","Maryland","1",80,75,30,61,0.492,8,20,0.4,12,19,0.632,10,32,17,6,4,7,15,28,61,0.459,9,25,0.36,10,17,0.588,12,36,11,6,1,9,20
"43","IOWA","2021","2022-01-13","2022","01","Indiana","1",83,74,28,63,0.444,6,18,0.333,21,25,0.84,13,31,9,15,7,10,21,27,53,0.509,7,22,0.318,13,21,0.619,10,27,17,4,5,23,21
"44","IOWA","2021","2022-01-22","2022","01","Penn State","1",68,51,22,54,0.407,10,32,0.313,14,18,0.778,9,31,15,9,5,8,13,17,51,0.333,7,25,0.28,10,13,0.769,7,28,10,4,1,14,18
"45","IOWA","2021","2022-01-27","2022","01","Purdue","0",73,83,24,64,0.375,8,27,0.296,17,18,0.944,12,28,10,8,2,8,20,30,49,0.612,13,22,0.591,10,22,0.455,6,32,21,7,2,13,17
"46","IOWA","2021","2022-02-06","2022","02","Minnesota","1",71,59,29,65,0.446,9,23,0.391,4,9,0.444,8,36,12,7,6,5,10,22,61,0.361,9,23,0.391,6,9,0.667,8,35,9,4,4,9,9
"47","IOWA","2021","2022-02-13","2022","02","Nebraska","1",98,75,39,76,0.513,10,28,0.357,10,12,0.833,9,39,19,10,4,8,16,27,62,0.435,7,25,0.28,14,16,0.875,5,33,18,5,2,15,15
"48","IOWA","2021","2022-02-17","2022","02","Michigan","0",79,84,31,70,0.443,4,18,0.222,13,20,0.65,12,34,16,3,5,11,18,31,62,0.5,4,20,0.2,18,23,0.783,8,35,21,7,4,11,17
"49","IOWA","2021","2022-02-22","2022","02","Michigan State","1",86,60,28,65,0.431,12,28,0.429,18,20,0.9,8,40,15,6,4,8,12,25,71,0.352,8,26,0.308,2,4,0.5,12,38,18,5,3,12,16
"50","IOWA","2021","2022-02-28","2022","02","Northwestern","1",82,61,27,69,0.391,13,35,0.371,15,21,0.714,16,46,16,10,3,9,18,21,56,0.375,8,25,0.32,11,18,0.611,6,30,13,7,5,15,20
"51","IOWA","2022","2022-12-11","2022","12","Wisconsin","0",75,78,27,64,0.422,7,27,0.259,14,17,0.824,9,40,18,8,2,15,16,33,65,0.508,6,22,0.273,6,11,0.545,4,33,17,12,1,11,18
"52","IOWA","2022","2023-01-05","2023","01","Indiana","1",91,89,31,65,0.477,7,19,0.368,22,25,0.88,13,35,16,7,3,11,18,32,59,0.542,8,15,0.533,17,26,0.654,9,31,21,6,7,13,23
"53","IOWA","2022","2023-01-12","2023","01","Michigan","1",93,84,32,71,0.451,12,30,0.4,17,22,0.773,11,37,18,4,6,6,13,33,67,0.493,14,31,0.452,4,6,0.667,9,34,18,4,5,11,18
"54","IOWA","2022","2023-01-15","2023","01","Maryland","1",81,67,33,55,0.6,6,14,0.429,9,13,0.692,6,26,19,7,6,9,15,28,59,0.475,5,16,0.313,6,9,0.667,8,25,8,5,0,12,14
"55","IOWA","2022","2023-01-31","2023","01","Northwestern","1",86,70,29,52,0.558,10,21,0.476,18,22,0.818,5,28,17,3,4,11,14,27,58,0.466,4,17,0.235,12,14,0.857,8,23,11,7,4,8,16
"56","IOWA","2022","2023-01-29","2023","01","Rutgers","1",93,82,26,60,0.433,12,24,0.5,29,34,0.853,11,33,14,7,6,12,14,33,65,0.508,6,15,0.4,10,14,0.714,10,36,23,6,5,18,25
"57","IOWA","2022","2023-02-04","2023","02","Illinois","1",81,79,24,53,0.453,7,19,0.368,26,30,0.867,7,23,12,7,2,6,21,27,55,0.491,7,22,0.318,18,23,0.783,13,37,12,4,5,14,22
"58","IOWA","2022","2023-02-16","2023","02","Ohio State","1",92,75,37,65,0.569,10,27,0.37,8,11,0.727,9,26,23,7,3,7,10,28,49,0.571,8,15,0.533,11,11,1,2,20,11,3,3,14,15
"59","IOWA","2022","2023-02-25","2023","02","Michigan State","1",112,106,38,75,0.507,17,36,0.472,19,25,0.76,13,32,25,10,1,9,23,32,54,0.593,11,15,0.733,31,36,0.861,3,26,21,3,1,15,22
"60","IOWA","2022","2023-03-05","2023","03","Nebraska","0",77,81,27,74,0.365,12,37,0.324,11,17,0.647,18,36,18,12,0,6,13,31,53,0.585,14,26,0.538,5,8,0.625,6,36,19,1,3,15,17
"61","IU","2020","2020-12-23","2020","12","Northwestern","0",67,74,25,52,0.481,7,18,0.389,10,16,0.625,8,26,11,7,2,16,14,28,50,0.56,7,19,0.368,11,13,0.846,4,24,13,10,1,15,17
"62","IU","2020","2020-12-30","2020","12","Penn State","1",87,85,32,56,0.571,6,19,0.316,17,21,0.81,4,25,15,5,8,12,18,31,65,0.477,12,28,0.429,11,15,0.733,8,28,13,7,2,14,20
"63","IU","2020","2021-01-04","2021","01","Maryland","1",63,55,22,59,0.373,4,22,0.182,15,18,0.833,10,37,10,4,3,9,13,20,52,0.385,7,25,0.28,8,15,0.533,6,32,8,4,2,10,18
"64","IU","2020","2021-01-14","2021","01","Purdue","0",69,81,25,57,0.439,3,18,0.167,16,29,0.552,8,30,14,8,2,8,27,25,47,0.532,11,17,0.647,20,31,0.645,6,36,15,3,1,14,24
"65","IU","2020","2021-01-24","2021","01","Rutgers","0",70,74,24,56,0.429,10,16,0.625,12,17,0.706,5,25,14,6,2,11,13,27,53,0.509,8,22,0.364,12,17,0.706,5,30,15,8,7,8,16
"66","IU","2020","2021-02-02","2021","02","Illinois","0",71,75,22,54,0.407,4,8,0.5,23,34,0.676,9,34,12,6,4,13,28,22,57,0.386,7,19,0.368,24,32,0.75,11,35,10,7,3,10,26
"67","IU","2020","2021-02-07","2021","02","Iowa","1",67,65,23,64,0.359,6,23,0.261,15,24,0.625,12,39,15,8,5,9,19,19,51,0.373,8,21,0.381,19,22,0.864,6,36,5,5,5,10,20
"68","IU","2020","2021-02-17","2021","02","Minnesota","1",82,72,26,45,0.578,7,12,0.583,23,30,0.767,9,31,15,2,1,16,23,24,60,0.4,4,20,0.2,20,29,0.69,13,23,6,8,4,7,23
"69","IU","2020","2021-02-20","2021","02","Michigan State","0",71,78,25,57,0.439,4,19,0.211,17,24,0.708,9,28,14,10,3,10,16,29,59,0.492,7,17,0.412,13,15,0.867,11,31,12,4,4,14,20
"70","IU","2020","2021-02-27","2021","02","Michigan","0",57,73,20,52,0.385,4,15,0.267,13,17,0.765,7,26,8,4,3,11,15,24,53,0.453,8,21,0.381,17,19,0.895,7,34,8,8,3,11,15
"71","IU","2021","2021-12-04","2021","12","Nebraska","1",68,55,23,57,0.404,8,22,0.364,14,17,0.824,8,39,10,7,5,14,12,23,61,0.377,5,22,0.227,4,5,0.8,4,30,9,9,1,14,18
"72","IU","2021","2022-01-06","2022","01","Ohio State","1",67,51,25,61,0.41,2,15,0.133,15,18,0.833,11,40,14,7,6,9,13,16,52,0.308,8,27,0.296,11,12,0.917,5,32,12,7,3,14,13
"73","IU","2021","2022-01-09","2022","01","Minnesota","1",73,60,27,56,0.482,9,24,0.375,10,15,0.667,6,37,17,3,4,6,15,23,60,0.383,5,25,0.2,9,12,0.75,3,30,6,5,2,5,17
"74","IU","2021","2022-01-20","2022","01","Purdue","1",68,65,24,56,0.429,6,20,0.3,14,24,0.583,3,26,6,9,4,2,16,25,54,0.463,8,23,0.348,7,17,0.412,5,34,12,0,2,12,18
"75","IU","2021","2022-01-23","2022","01","Michigan","0",62,80,24,61,0.393,5,19,0.263,9,13,0.692,6,23,15,8,6,8,14,29,51,0.569,11,17,0.647,11,14,0.786,5,34,18,4,3,13,16
"76","IU","2021","2022-01-26","2022","01","Penn State","1",74,57,26,51,0.51,10,13,0.769,12,15,0.8,7,26,15,8,10,8,11,20,60,0.333,9,26,0.346,8,9,0.889,13,31,10,5,0,12,16
"77","IU","2021","2022-02-05","2022","02","Illinois","0",57,74,20,56,0.357,3,13,0.231,14,18,0.778,8,28,11,4,3,10,20,23,48,0.479,10,23,0.435,18,26,0.692,3,29,13,5,5,8,17
"78","IU","2021","2022-02-15","2022","02","Wisconsin","0",69,74,25,61,0.41,5,18,0.278,14,18,0.778,7,29,14,3,4,12,25,24,52,0.462,4,16,0.25,22,29,0.759,6,34,8,4,2,13,16
"79","IU","2021","2022-02-24","2022","02","Maryland","1",74,64,28,47,0.596,5,13,0.385,13,18,0.722,2,25,15,5,2,10,12,23,53,0.434,10,25,0.4,8,11,0.727,4,21,7,7,1,14,16
"80","IU","2021","2022-03-02","2022","03","Rutgers","0",63,66,23,56,0.411,6,21,0.286,11,14,0.786,7,27,9,7,4,9,16,24,51,0.471,8,18,0.444,10,16,0.625,7,31,10,6,4,13,14
"81","IU","2022","2022-12-07","2022","12","Nebraska","1",81,65,32,60,0.533,11,25,0.44,6,8,0.75,5,31,22,8,6,15,15,24,56,0.429,6,23,0.261,11,14,0.786,4,24,10,6,1,12,11
"82","IU","2022","2023-01-08","2023","01","Northwestern","0",83,84,32,62,0.516,9,18,0.5,10,14,0.714,10,38,14,2,5,16,21,29,63,0.46,7,19,0.368,19,28,0.679,9,32,15,14,5,7,19
"83","IU","2022","2023-01-14","2023","01","Wisconsin","1",63,45,29,62,0.468,1,8,0.125,4,5,0.8,8,40,10,4,6,8,16,18,56,0.321,5,24,0.208,4,11,0.364,7,30,6,4,0,8,11
"84","IU","2022","2023-01-22","2023","01","Michigan State","1",82,69,26,55,0.473,9,15,0.6,21,24,0.875,8,31,13,4,6,9,21,23,53,0.434,4,14,0.286,19,28,0.679,6,26,6,5,1,9,20
"85","IU","2022","2023-01-28","2023","01","Ohio State","1",86,70,32,64,0.5,10,20,0.5,12,17,0.706,12,35,17,5,3,8,19,26,59,0.441,5,19,0.263,13,19,0.684,10,29,9,5,2,7,18
"86","IU","2022","2023-02-04","2023","02","Purdue","1",79,74,30,57,0.526,4,10,0.4,15,18,0.833,8,21,11,11,5,7,19,29,57,0.509,6,18,0.333,10,17,0.588,15,36,15,4,3,16,16
"87","IU","2022","2023-02-07","2023","02","Rutgers","1",66,60,22,48,0.458,5,12,0.417,17,24,0.708,8,32,15,5,2,14,13,23,58,0.397,8,25,0.32,6,10,0.6,11,31,11,8,1,9,17
"88","IU","2022","2023-02-18","2023","02","Illinois","1",71,68,29,66,0.439,5,11,0.455,8,13,0.615,13,35,15,8,7,13,17,24,61,0.393,6,20,0.3,14,18,0.778,12,36,9,9,9,11,16
"89","IU","2022","2023-02-28","2023","02","Iowa","0",68,90,25,58,0.431,2,11,0.182,16,20,0.8,6,27,11,8,1,9,19,30,54,0.556,13,23,0.565,17,25,0.68,9,37,19,1,4,10,16
"90","IU","2022","2023-03-05","2023","03","Michigan","1",75,73,28,62,0.452,5,15,0.333,14,21,0.667,6,33,11,10,4,8,19,26,63,0.413,9,26,0.346,12,19,0.632,12,41,11,5,6,12,18
"91","MARY","2020","2020-12-14","2020","12","Rutgers","0",60,74,21,61,0.344,4,20,0.2,14,18,0.778,11,36,10,4,4,9,16,29,60,0.483,9,19,0.474,7,16,0.438,7,35,18,5,5,8,18
"92","MARY","2020","2020-12-31","2020","12","Michigan","0",73,84,28,58,0.483,13,22,0.591,4,6,0.667,6,21,14,4,2,10,13,30,51,0.588,6,19,0.316,18,20,0.9,5,29,15,5,6,12,10
"93","MARY","2020","2021-01-07","2021","01","Iowa","0",67,89,26,60,0.433,12,35,0.343,3,6,0.5,4,28,18,4,1,16,10,36,67,0.537,13,26,0.5,4,6,0.667,6,37,22,9,2,11,10
"94","MARY","2020","2021-01-27","2021","01","Wisconsin","0",55,61,19,53,0.358,9,30,0.3,8,9,0.889,3,26,12,6,3,9,13,22,56,0.393,10,26,0.385,7,7,1,7,36,11,4,2,12,15
"95","MARY","2020","2021-02-02","2021","02","Purdue","1",61,60,21,46,0.457,9,25,0.36,10,15,0.667,3,20,13,10,2,10,15,22,50,0.44,4,17,0.235,12,15,0.8,10,32,9,3,1,14,15
"96","MARY","2020","2021-02-08","2021","02","Ohio State","0",65,73,22,55,0.4,5,19,0.263,16,18,0.889,5,31,11,5,2,12,14,25,56,0.446,10,26,0.385,13,15,0.867,4,27,15,7,5,10,20
"97","MARY","2020","2021-02-14","2021","02","Minnesota","1",72,59,27,51,0.529,10,20,0.5,8,11,0.727,6,34,16,1,3,10,16,19,59,0.322,8,28,0.286,13,18,0.722,12,31,7,6,4,6,15
"98","MARY","2020","2021-02-16","2021","02","Nebraska","1",64,50,23,53,0.434,9,29,0.31,9,10,0.9,6,42,9,5,3,17,13,18,54,0.333,8,28,0.286,6,12,0.5,2,26,8,13,2,11,16
"99","MARY","2020","2021-02-17","2021","02","Nebraska","1",79,71,29,61,0.475,13,33,0.394,8,12,0.667,7,30,18,8,4,4,9,24,56,0.429,13,28,0.464,10,12,0.833,4,30,12,2,2,11,16
"100","MARY","2020","2021-02-28","2021","02","Michigan State","1",73,55,21,43,0.488,8,16,0.5,23,24,0.958,2,30,13,3,4,7,16,19,57,0.333,8,28,0.286,9,15,0.6,13,33,13,2,3,8,19
"101","MARY","2020","2021-03-07","2021","03","Penn State","0",61,66,23,48,0.479,8,21,0.381,7,13,0.538,1,30,12,5,4,13,19,19,56,0.339,9,26,0.346,19,24,0.792,10,38,10,9,0,9,16
"102","MARY","2021","2021-12-05","2021","12","Northwestern","0",61,67,17,59,0.288,10,23,0.435,17,22,0.773,7,38,12,5,2,14,16,27,63,0.429,6,18,0.333,7,9,0.778,4,40,13,6,2,11,21
"103","MARY","2021","2022-01-09","2022","01","Wisconsin","0",69,70,25,55,0.455,7,17,0.412,12,15,0.8,2,29,10,4,3,10,19,25,56,0.446,5,20,0.25,15,18,0.833,4,28,11,4,5,7,19
"104","MARY","2021","2022-01-15","2022","01","Rutgers","0",59,70,18,54,0.333,6,25,0.24,17,19,0.895,10,32,9,8,4,13,14,27,56,0.482,10,22,0.455,6,9,0.667,9,32,16,6,8,15,19
"105","MARY","2021","2022-01-21","2022","01","Illinois","1",81,65,28,53,0.528,4,11,0.364,21,25,0.84,7,29,9,9,2,10,10,23,59,0.39,11,35,0.314,8,10,0.8,10,28,16,7,2,12,18
"106","MARY","2021","2022-01-29","2022","01","Indiana","0",55,68,16,56,0.286,6,27,0.222,17,18,0.944,7,36,11,4,0,12,16,26,60,0.433,6,20,0.3,10,14,0.714,8,39,17,6,6,10,19
"107","MARY","2021","2022-02-01","2022","02","Michigan State","0",63,65,21,49,0.429,4,17,0.235,17,20,0.85,7,27,9,6,4,12,14,22,54,0.407,7,19,0.368,14,15,0.933,8,23,10,9,2,11,20
"108","MARY","2021","2022-02-10","2022","02","Iowa","0",87,110,31,65,0.477,14,26,0.538,11,13,0.846,11,28,14,6,2,12,16,39,65,0.6,19,34,0.559,13,21,0.619,11,36,22,8,3,8,13
"109","MARY","2021","2022-02-21","2022","02","Penn State","1",67,61,23,50,0.46,6,20,0.3,15,19,0.789,4,24,7,11,2,9,11,25,53,0.472,8,19,0.421,3,5,0.6,7,31,9,7,2,13,16
"110","MARY","2021","2022-02-27","2022","02","Ohio State","1",75,60,26,56,0.464,9,21,0.429,14,18,0.778,10,36,10,8,2,8,15,21,58,0.362,8,28,0.286,10,11,0.909,11,30,6,2,5,11,20
"111","MARY","2021","2022-03-02","2022","03","Minnesota","1",84,73,31,60,0.517,6,19,0.316,16,19,0.842,11,39,12,7,3,9,14,26,66,0.394,11,28,0.393,10,12,0.833,10,27,7,4,2,7,16
"112","MARY","2022","2022-12-02","2022","12","Illinois","1",71,66,24,54,0.444,9,23,0.391,14,18,0.778,8,27,9,3,3,10,13,27,61,0.443,5,20,0.25,7,8,0.875,13,32,8,5,7,12,18
"113","MARY","2022","2023-01-08","2023","01","Ohio State","1",80,73,24,52,0.462,5,13,0.385,27,33,0.818,13,39,7,4,2,12,17,24,55,0.436,9,19,0.474,16,19,0.842,7,26,8,7,3,12,28
"114","MARY","2022","2023-01-19","2023","01","Michigan","1",64,58,24,58,0.414,3,15,0.2,13,17,0.765,14,32,7,7,2,6,12,23,55,0.418,8,28,0.286,4,8,0.5,12,33,10,2,5,12,18
"115","MARY","2022","2023-01-25","2023","01","Wisconsin","1",73,55,28,50,0.56,6,14,0.429,11,14,0.786,7,31,15,5,5,8,10,21,53,0.396,7,17,0.412,6,7,0.857,4,18,11,2,2,7,14
"116","MARY","2022","2023-01-28","2023","01","Nebraska","1",82,63,25,56,0.446,8,23,0.348,24,26,0.923,10,30,16,8,4,10,16,24,45,0.533,6,14,0.429,9,15,0.6,2,23,15,3,1,15,18
"117","MARY","2022","2023-01-31","2023","01","Indiana","1",66,55,18,53,0.34,5,22,0.227,25,29,0.862,10,31,7,6,5,5,12,21,56,0.375,3,11,0.273,10,12,0.833,10,36,11,2,3,11,20
"118","MARY","2022","2023-02-11","2023","02","Penn State","1",74,68,25,47,0.532,6,16,0.375,18,23,0.783,4,26,12,5,4,9,12,27,53,0.509,12,26,0.462,2,4,0.5,2,20,10,4,6,11,19
"119","MARY","2022","2023-02-16","2023","02","Purdue","1",68,54,25,53,0.472,5,11,0.455,13,16,0.813,8,31,14,5,2,8,12,22,50,0.44,2,13,0.154,8,10,0.8,3,22,11,4,5,7,17
"120","MARY","2022","2023-02-22","2023","02","Minnesota","1",88,70,32,47,0.681,7,13,0.538,17,26,0.654,6,29,10,5,5,9,16,26,54,0.481,7,10,0.7,11,16,0.688,8,21,16,5,1,11,19
"121","MARY","2022","2023-02-26","2023","02","Northwestern","1",75,59,28,52,0.538,14,22,0.636,5,8,0.625,7,28,17,2,4,6,8,24,53,0.453,5,19,0.263,6,7,0.857,8,25,9,2,2,7,12
"122","MICHST","2020","2020-12-25","2020","12","Wisconsin","0",76,85,27,57,0.474,8,11,0.727,14,16,0.875,9,29,23,2,0,14,26,27,51,0.529,8,19,0.421,23,30,0.767,3,26,18,7,4,6,16
"123","MICHST","2020","2021-01-05","2021","01","Rutgers","1",68,45,23,49,0.469,6,14,0.429,16,19,0.842,8,43,16,5,8,15,15,18,59,0.305,3,12,0.25,6,17,0.353,6,21,10,13,4,6,16
"124","MICHST","2020","2021-01-08","2021","01","Purdue","0",54,55,16,41,0.39,3,13,0.231,19,25,0.76,6,30,12,4,9,14,22,19,56,0.339,3,24,0.125,14,19,0.737,11,31,9,2,3,11,21
"125","MICHST","2020","2021-02-06","2021","02","Nebraska","1",66,56,23,59,0.39,6,23,0.261,14,16,0.875,8,43,16,7,7,20,24,21,58,0.362,3,17,0.176,11,24,0.458,6,29,11,12,6,17,17
"126","MICHST","2020","2021-02-09","2021","02","Penn State","1",60,58,23,55,0.418,4,15,0.267,10,15,0.667,9,35,15,5,3,9,15,20,58,0.345,5,23,0.217,13,15,0.867,7,30,12,5,1,9,16
"127","MICHST","2020","2021-02-13","2021","02","Iowa","0",58,88,22,62,0.355,6,21,0.286,8,16,0.5,10,34,18,3,2,7,19,32,65,0.492,13,25,0.52,11,19,0.579,9,44,24,4,5,4,18
"128","MICHST","2020","2021-02-23","2021","02","Illinois","1",81,72,32,59,0.542,4,8,0.5,13,20,0.65,8,34,18,7,9,8,24,24,60,0.4,5,17,0.294,19,34,0.559,16,40,14,4,2,11,19
"129","MICHST","2020","2021-02-25","2021","02","Ohio State","1",71,67,24,50,0.48,4,15,0.267,19,25,0.76,6,30,19,4,5,15,21,23,52,0.442,4,14,0.286,17,23,0.739,7,26,14,9,2,9,19
"130","MICHST","2020","2021-03-02","2021","03","Indiana","1",64,58,20,53,0.377,4,17,0.235,20,30,0.667,13,43,11,5,10,9,21,18,55,0.327,2,20,0.1,20,29,0.69,10,36,9,6,3,8,24
"131","MICHST","2020","2021-03-07","2021","03","Michigan","1",70,64,24,54,0.444,4,11,0.364,18,23,0.783,8,36,12,5,2,8,18,25,60,0.417,7,22,0.318,7,11,0.636,9,30,17,2,2,8,15
"132","MICHST","2021","2021-12-11","2021","12","Penn State","1",80,64,31,59,0.525,9,21,0.429,9,13,0.692,8,36,21,4,7,11,8,27,63,0.429,5,20,0.25,5,7,0.714,6,28,14,6,2,7,15
"133","MICHST","2021","2022-01-05","2022","01","Nebraska","1",79,67,29,56,0.518,8,17,0.471,13,19,0.684,9,37,18,13,5,19,12,27,60,0.45,7,23,0.304,6,11,0.545,4,25,15,12,1,15,15
"134","MICHST","2021","2022-01-12","2022","01","Minnesota","1",71,69,27,52,0.519,6,14,0.429,11,13,0.846,5,31,18,4,7,13,16,27,62,0.435,6,18,0.333,9,14,0.643,12,30,11,4,5,8,14
"135","MICHST","2021","2022-01-15","2022","01","Northwestern","0",62,64,22,51,0.431,6,21,0.286,12,14,0.857,6,28,17,3,9,16,18,23,66,0.348,8,26,0.308,10,17,0.588,15,36,14,10,2,9,17
"136","MICHST","2021","2022-01-29","2022","01","Michigan","1",83,67,31,56,0.554,9,18,0.5,12,15,0.8,6,32,18,9,6,13,23,23,62,0.371,3,19,0.158,18,25,0.72,12,31,11,7,5,13,16
"137","MICHST","2021","2022-02-08","2022","02","Wisconsin","0",62,70,22,53,0.415,3,14,0.214,15,18,0.833,5,28,15,5,1,12,20,25,53,0.472,6,18,0.333,14,22,0.636,4,29,12,6,3,7,17
"138","MICHST","2021","2022-02-12","2022","02","Indiana","1",76,61,22,51,0.431,7,20,0.35,25,28,0.893,8,39,12,5,2,14,24,20,59,0.339,5,21,0.238,16,27,0.593,10,32,14,6,3,11,20
"139","MICHST","2021","2022-02-19","2022","02","Illinois","0",74,79,29,62,0.468,8,21,0.381,8,12,0.667,9,32,18,5,4,11,20,27,60,0.45,8,27,0.296,17,23,0.739,11,33,17,6,1,8,17
"140","MICHST","2021","2022-02-26","2022","02","Purdue","1",68,65,27,57,0.474,9,20,0.45,5,10,0.5,5,22,20,7,3,9,17,25,48,0.521,1,9,0.111,14,19,0.737,4,26,12,3,4,16,15
"141","MICHST","2021","2022-03-06","2022","03","Maryland","1",77,67,27,57,0.474,7,18,0.389,16,21,0.762,10,36,21,8,2,12,15,24,61,0.393,8,29,0.276,11,12,0.917,9,29,13,8,2,10,16
"142","MICHST","2022","2022-12-04","2022","12","Northwestern","0",63,70,23,55,0.418,8,22,0.364,9,12,0.75,6,27,16,7,4,13,17,21,49,0.429,7,23,0.304,21,24,0.875,5,30,8,10,5,11,15
"143","MICHST","2022","2023-01-03","2023","01","Nebraska","1",74,56,31,65,0.477,8,25,0.32,4,6,0.667,11,40,24,7,4,9,17,23,55,0.418,2,16,0.125,8,20,0.4,7,27,10,5,3,9,14
"144","MICHST","2022","2023-01-07","2023","01","Michigan","1",59,53,21,56,0.375,6,19,0.316,11,13,0.846,6,35,12,2,1,10,19,19,55,0.345,3,20,0.15,12,16,0.75,3,29,8,5,4,9,18
"145","MICHST","2022","2023-01-16","2023","01","Purdue","0",63,64,25,53,0.472,6,19,0.316,7,10,0.7,8,30,12,3,0,11,19,22,52,0.423,4,10,0.4,16,18,0.889,8,29,17,6,2,9,16
"146","MICHST","2022","2023-01-19","2023","01","Rutgers","1",70,57,26,55,0.473,12,22,0.545,6,7,0.857,6,34,19,9,6,9,17,22,64,0.344,2,17,0.118,11,15,0.733,15,37,14,8,1,11,12
"147","MICHST","2022","2023-01-26","2023","01","Iowa","1",63,61,24,62,0.387,8,20,0.4,7,12,0.583,10,32,15,10,4,10,15,26,57,0.456,3,17,0.176,6,13,0.462,9,36,9,7,2,13,13
"148","MICHST","2022","2023-02-07","2023","02","Maryland","1",63,58,22,50,0.44,9,20,0.45,10,13,0.769,0,27,14,3,1,8,17,20,51,0.392,3,22,0.136,15,18,0.833,5,29,13,3,4,8,16
"149","MICHST","2022","2023-02-15","2023","02","Minnesota","0",NA,NA,NA,NA,NA,NA,NA,NA,NA,NA,NA,NA,NA,NA,NA,NA,NA,NA,NA,NA,NA,NA,NA,NA,NA,NA,NA,NA,NA,NA,NA,NA,NA,NA
"150","MICHST","2022","2023-02-21","2023","02","Indiana","1",80,65,26,55,0.473,10,21,0.476,18,19,0.947,10,30,14,6,2,10,13,24,51,0.471,5,14,0.357,12,16,0.75,3,22,10,5,1,12,18
"151","MICHST","2022","2023-03-04","2023","03","Ohio State","1",84,78,29,53,0.547,12,20,0.6,14,20,0.7,5,26,17,2,2,8,12,28,58,0.483,11,25,0.44,11,12,0.917,6,27,15,6,3,7,20
"152","MIN","2020","2020-12-25","2020","12","Iowa","1",102,95,30,67,0.448,17,43,0.395,25,29,0.862,11,35,22,3,5,8,23,29,78,0.372,10,30,0.333,27,38,0.711,21,47,17,6,1,7,22
"153","MIN","2020","2020-12-28","2020","12","Michigan State","1",81,56,30,63,0.476,6,25,0.24,15,17,0.882,9,49,18,5,4,13,13,18,70,0.257,6,25,0.24,14,18,0.778,11,34,10,4,2,6,15
"154","MIN","2020","2021-01-03","2021","01","Ohio State","1",77,60,24,55,0.436,9,22,0.409,20,29,0.69,9,38,15,5,6,8,20,19,61,0.311,7,27,0.259,15,21,0.714,10,32,11,1,3,10,19
"155","MIN","2020","2021-01-16","2021","01","Michigan","1",75,57,29,62,0.468,4,18,0.222,13,15,0.867,6,34,19,12,2,7,17,22,56,0.393,6,22,0.273,7,14,0.5,12,36,16,4,1,19,15
"156","MIN","2020","2021-01-23","2021","01","Maryland","0",49,63,14,46,0.304,5,23,0.217,16,25,0.64,6,28,8,5,6,11,21,19,45,0.422,8,23,0.348,17,29,0.586,6,35,12,5,5,11,20
"157","MIN","2020","2021-02-08","2021","02","Nebraska","1",79,61,27,72,0.375,8,36,0.222,17,22,0.773,11,39,15,4,4,9,24,21,57,0.368,3,15,0.2,16,25,0.64,8,37,12,6,5,18,22
"158","MIN","2020","2021-02-11","2021","02","Purdue","1",71,68,27,60,0.45,7,24,0.292,10,14,0.714,10,31,13,4,5,10,14,27,62,0.435,2,17,0.118,12,16,0.75,12,35,15,6,5,9,14
"159","MIN","2020","2021-02-20","2021","02","Illinois","0",63,94,22,54,0.407,8,16,0.5,11,15,0.733,5,25,16,2,9,17,15,37,66,0.561,7,14,0.5,13,15,0.867,8,35,27,9,2,9,13
"160","MIN","2020","2021-02-25","2021","02","Northwestern","0",59,67,23,62,0.371,4,27,0.148,9,10,0.9,8,29,14,12,0,14,24,19,45,0.422,7,18,0.389,22,27,0.815,8,32,8,8,1,17,13
"161","MIN","2020","2021-03-06","2021","03","Rutgers","0",70,77,20,64,0.313,6,26,0.231,24,29,0.828,11,38,11,6,3,13,21,27,62,0.435,8,20,0.4,15,24,0.625,6,38,14,10,3,14,23
"162","MIN","2021","2021-12-08","2021","12","Michigan State","0",67,75,27,68,0.397,6,23,0.261,7,9,0.778,6,24,17,7,3,2,16,25,52,0.481,10,21,0.476,15,19,0.789,8,41,18,1,6,13,12
"163","MIN","2021","2022-01-04","2022","01","Illinois","0",53,76,22,62,0.355,3,15,0.2,6,13,0.462,4,23,10,11,2,6,16,27,59,0.458,6,14,0.429,16,19,0.842,10,47,18,3,6,13,14
"164","MIN","2021","2022-01-16","2022","01","Iowa","0",71,81,28,55,0.509,6,16,0.375,9,14,0.643,4,25,12,5,2,13,18,33,68,0.485,5,22,0.227,10,16,0.625,13,37,18,10,5,8,14
"165","MIN","2021","2022-01-22","2022","01","Rutgers","1",68,65,26,48,0.542,13,24,0.542,3,4,0.75,6,21,18,5,1,13,11,25,54,0.463,12,27,0.444,3,3,1,11,24,17,7,3,11,12
"166","MIN","2021","2022-01-27","2022","01","Ohio State","0",64,75,24,55,0.436,8,24,0.333,8,11,0.727,6,22,16,1,3,2,12,30,66,0.455,7,27,0.259,8,9,0.889,18,44,20,1,5,6,16
"167","MIN","2021","2022-02-02","2022","02","Purdue","0",73,88,27,58,0.466,11,22,0.5,8,12,0.667,3,19,16,4,3,5,15,35,63,0.556,12,24,0.5,6,8,0.75,9,39,23,2,5,7,15
"168","MIN","2021","2022-02-12","2022","02","Penn State","1",76,70,28,58,0.483,8,16,0.5,12,13,0.923,0,17,20,4,1,3,10,29,53,0.547,8,15,0.533,4,7,0.571,5,34,16,2,5,13,14
"169","MIN","2021","2022-02-19","2022","02","Northwestern","1",77,60,29,52,0.558,11,23,0.478,8,12,0.667,5,37,22,5,2,14,15,22,59,0.373,7,21,0.333,9,18,0.5,6,25,12,6,1,9,12
"170","MIN","2021","2022-02-23","2022","02","Wisconsin","0",67,68,23,50,0.46,8,19,0.421,13,19,0.684,3,18,18,4,3,5,20,24,47,0.511,5,14,0.357,15,22,0.682,10,38,15,2,2,12,18
"171","MIN","2021","2022-02-27","2022","02","Indiana","0",79,84,27,58,0.466,14,36,0.389,11,14,0.786,3,27,17,6,0,8,15,30,54,0.556,10,21,0.476,14,20,0.7,5,34,16,5,3,10,15
"172","MIN","2022","2022-12-08","2022","12","Michigan","0",75,90,27,55,0.491,6,15,0.4,15,24,0.625,8,33,17,5,5,16,17,33,63,0.524,10,18,0.556,14,22,0.636,7,31,18,11,5,9,19
"173","MIN","2022","2023-01-07","2023","01","Nebraska","0",79,81,31,64,0.484,10,27,0.37,7,10,0.7,6,27,20,5,6,7,20,30,59,0.508,5,15,0.333,16,21,0.762,8,33,18,4,1,10,13
"174","MIN","2022","2023-01-16","2023","01","Illinois","0",60,78,21,58,0.362,3,13,0.231,15,25,0.6,6,24,13,5,2,5,14,32,64,0.5,5,16,0.313,9,14,0.643,9,45,17,2,7,10,21
"175","MIN","2022","2023-01-19","2023","01","Purdue","0",39,61,17,54,0.315,2,10,0.2,3,5,0.6,4,26,9,9,4,13,12,26,58,0.448,7,16,0.438,2,3,0.667,8,38,18,6,5,12,10
"176","MIN","2022","2023-01-25","2023","01","Indiana","0",57,61,22,64,0.344,5,25,0.2,8,14,0.571,8,33,14,8,4,4,13,23,56,0.411,4,14,0.286,11,18,0.611,9,41,17,2,10,10,16
"177","MIN","2022","2023-02-04","2023","02","Maryland","0",46,81,13,38,0.342,2,14,0.143,18,24,0.75,5,25,11,1,4,15,13,33,63,0.524,9,21,0.429,6,11,0.545,8,29,17,9,0,5,22
"178","MIN","2022","2023-02-12","2023","02","Iowa","0",56,68,23,46,0.5,3,9,0.333,7,15,0.467,2,32,17,3,9,13,16,27,72,0.375,5,13,0.385,9,15,0.6,17,44,17,11,4,4,15
"179","MIN","2022","2023-02-18","2023","02","Penn State","0",69,76,28,56,0.5,4,12,0.333,9,15,0.6,8,32,22,1,4,11,15,28,58,0.483,10,26,0.385,10,13,0.769,6,29,17,5,3,7,16
"180","MIN","2022","2023-03-02","2023","03","Rutgers","1",75,74,26,54,0.481,11,24,0.458,12,19,0.632,8,26,18,4,3,11,18,27,55,0.491,5,12,0.417,15,22,0.682,15,38,19,7,6,10,18
"181","MIN","2022","2023-03-05","2023","03","Wisconsin","0",67,71,25,48,0.521,6,18,0.333,11,19,0.579,4,22,18,5,4,11,20,27,55,0.491,3,12,0.25,14,17,0.824,8,29,10,4,2,8,19
"182","NEB","2020","2020-12-25","2020","12","Michigan","0",69,80,25,64,0.391,7,20,0.35,12,20,0.6,6,29,6,6,3,8,19,30,59,0.508,9,27,0.333,11,14,0.786,7,40,16,6,2,15,16
"183","NEB","2020","2021-01-02","2021","01","Michigan State","0",77,84,27,55,0.491,9,19,0.474,14,19,0.737,6,26,12,4,1,15,21,29,56,0.518,7,23,0.304,19,26,0.731,9,28,12,6,5,12,21
"184","NEB","2020","2021-01-10","2021","01","Indiana","0",76,84,26,57,0.456,9,23,0.391,15,22,0.682,4,29,16,4,2,9,19,30,65,0.462,9,24,0.375,15,25,0.6,12,39,14,4,3,6,14
"185","NEB","2020","2021-02-10","2021","02","Wisconsin","0",48,61,18,49,0.367,5,15,0.333,7,17,0.412,8,40,13,5,2,17,19,20,62,0.323,9,32,0.281,12,17,0.706,7,32,12,9,3,7,16
"186","NEB","2020","2021-02-12","2021","02","Illinois","0",72,77,24,65,0.369,7,20,0.35,17,25,0.68,12,36,12,7,5,11,20,28,58,0.483,7,21,0.333,14,22,0.636,8,35,15,6,8,12,19
"187","NEB","2020","2021-02-20","2021","02","Purdue","0",58,75,22,63,0.349,9,28,0.321,5,14,0.357,8,35,14,5,4,11,13,30,64,0.469,10,32,0.313,5,10,0.5,10,44,16,8,4,13,15
"188","NEB","2020","2021-02-23","2021","02","Penn State","0",83,86,30,56,0.536,12,25,0.48,11,15,0.733,2,28,16,7,3,18,19,28,70,0.4,14,37,0.378,16,19,0.842,13,38,19,14,1,14,17
"189","NEB","2020","2021-02-27","2021","02","Minnesota","1",78,74,30,55,0.545,9,17,0.529,9,16,0.563,7,37,19,7,5,18,21,24,70,0.343,8,30,0.267,18,24,0.75,10,32,7,7,3,9,16
"190","NEB","2020","2021-03-01","2021","03","Rutgers","1",72,51,28,54,0.519,8,24,0.333,8,13,0.615,7,37,19,11,1,13,10,22,57,0.386,3,23,0.13,4,6,0.667,6,28,6,6,6,13,13
"191","NEB","2021","2021-12-07","2021","12","Michigan","0",67,102,23,72,0.319,5,35,0.143,16,21,0.762,13,36,6,4,3,9,15,39,76,0.513,15,32,0.469,9,12,0.75,14,50,25,7,2,12,18
"192","NEB","2021","2022-01-02","2022","01","Ohio State","0",79,87,27,65,0.415,8,23,0.348,17,23,0.739,9,31,13,9,0,8,16,30,63,0.476,16,34,0.471,11,14,0.786,13,41,18,4,6,16,19
"193","NEB","2021","2022-01-11","2022","01","Illinois","0",71,81,27,59,0.458,6,12,0.5,11,14,0.786,6,31,13,4,2,11,15,31,66,0.47,7,19,0.368,12,19,0.632,14,38,13,6,8,9,15
"194","NEB","2021","2022-01-17","2022","01","Indiana","0",71,78,24,51,0.471,6,17,0.353,17,21,0.81,7,24,11,8,0,13,20,27,50,0.54,4,13,0.308,20,28,0.714,9,30,10,7,2,14,22
"195","NEB","2021","2022-01-27","2022","01","Wisconsin","0",65,73,22,55,0.4,7,20,0.35,14,17,0.824,1,32,10,5,2,13,16,25,68,0.368,10,22,0.455,13,18,0.722,12,44,12,7,2,10,18
"196","NEB","2021","2022-01-29","2022","01","Rutgers","0",61,63,17,58,0.293,6,20,0.3,21,29,0.724,9,40,9,4,6,15,18,23,60,0.383,3,19,0.158,14,17,0.824,6,36,10,10,10,11,21
"197","NEB","2021","2022-02-05","2022","02","Northwestern","0",63,87,23,51,0.451,7,18,0.389,10,19,0.526,3,28,13,4,4,15,14,32,66,0.485,13,31,0.419,10,12,0.833,7,36,14,11,4,11,18
"198","NEB","2021","2022-02-09","2022","02","Minnesota","1",78,65,28,58,0.483,7,18,0.389,15,28,0.536,7,32,10,12,4,9,15,22,56,0.393,7,21,0.333,14,17,0.824,6,34,7,4,4,17,19
"199","NEB","2021","2022-02-18","2022","02","Maryland","0",74,90,22,55,0.4,5,17,0.294,25,31,0.806,9,30,10,1,2,12,22,31,59,0.525,4,19,0.211,24,33,0.727,8,33,13,9,2,4,24
"200","NEB","2021","2022-02-25","2022","02","Iowa","0",78,88,29,56,0.518,8,18,0.444,12,15,0.8,5,28,14,5,4,8,20,31,62,0.5,9,22,0.409,17,24,0.708,12,34,12,1,4,10,13
"201","NEB","2022","2022-12-10","2022","12","Purdue","0",62,65,23,72,0.319,9,32,0.281,7,10,0.7,13,37,11,6,3,8,23,23,58,0.397,7,29,0.241,12,20,0.6,13,45,10,3,7,12,17
"202","NEB","2022","2022-12-29","2022","12","Iowa","1",66,50,24,59,0.407,8,22,0.364,10,14,0.714,11,45,14,4,7,13,12,19,73,0.26,7,28,0.25,5,8,0.625,13,35,12,7,4,5,14
"203","NEB","2022","2023-01-10","2023","01","Illinois","0",50,76,20,54,0.37,4,14,0.286,6,11,0.545,7,29,8,3,2,17,17,28,61,0.459,8,29,0.276,12,18,0.667,13,39,15,12,7,10,21
"204","NEB","2022","2023-01-18","2023","01","Ohio State","1",63,60,23,56,0.411,6,21,0.286,11,17,0.647,4,37,11,5,3,13,17,20,56,0.357,5,17,0.294,15,23,0.652,6,36,9,6,5,11,16
"205","NEB","2022","2023-01-25","2023","01","Northwestern","0",63,78,25,53,0.472,9,25,0.36,4,8,0.5,5,22,14,7,2,16,11,29,56,0.518,11,30,0.367,9,12,0.75,7,33,15,8,3,15,13
"206","NEB","2022","2023-02-05","2023","02","Penn State","1",72,63,27,51,0.529,8,20,0.4,10,18,0.556,3,32,17,6,2,7,6,24,60,0.4,14,38,0.368,1,4,0.25,8,32,16,3,3,7,15
"207","NEB","2022","2023-02-11","2023","02","Wisconsin","1",73,63,25,54,0.463,8,22,0.364,15,23,0.652,8,42,8,8,3,15,13,25,69,0.362,9,31,0.29,4,6,0.667,7,34,11,7,2,10,23
"208","NEB","2022","2023-02-19","2023","02","Maryland","1",70,66,24,58,0.414,3,16,0.188,19,25,0.76,6,39,9,6,8,9,17,23,69,0.333,7,22,0.318,13,19,0.684,10,40,13,3,8,12,24
"209","NEB","2022","2023-02-25","2023","02","Minnesota","1",78,67,30,61,0.492,4,15,0.267,14,21,0.667,6,32,7,13,1,10,13,24,59,0.407,8,24,0.333,11,11,1,8,35,13,5,6,19,16
"210","NEB","2022","2023-02-28","2023","02","Michigan State","0",67,80,25,49,0.51,7,23,0.304,10,15,0.667,3,26,11,3,2,14,14,29,64,0.453,16,29,0.552,6,7,0.857,9,30,19,5,3,10,16
"211","NW","2020","2020-12-20","2020","12","Michigan State","1",79,65,27,51,0.529,10,21,0.476,15,18,0.833,3,30,16,7,0,12,14,26,67,0.388,8,31,0.258,5,10,0.5,11,33,19,7,1,8,16
"212","NW","2020","2020-12-26","2020","12","Ohio State","1",71,70,28,58,0.483,6,16,0.375,9,14,0.643,4,24,24,7,5,5,14,27,61,0.443,4,20,0.2,12,15,0.8,11,40,16,3,1,10,15
"213","NW","2020","2021-01-07","2021","01","Illinois","0",56,81,18,55,0.327,6,20,0.3,14,18,0.778,6,25,13,10,0,13,16,27,55,0.491,11,27,0.407,16,21,0.762,9,38,19,4,4,15,17
"214","NW","2020","2021-01-17","2021","01","Iowa","0",73,96,27,65,0.415,9,33,0.273,10,14,0.714,6,26,19,3,2,6,22,33,57,0.579,10,24,0.417,20,26,0.769,6,37,22,2,6,9,14
"215","NW","2020","2021-01-31","2021","01","Rutgers","0",56,64,20,48,0.417,4,20,0.2,12,17,0.706,6,28,10,9,0,18,22,23,47,0.489,5,22,0.227,13,22,0.591,4,27,12,8,4,18,20
"216","NW","2020","2021-02-10","2021","02","Indiana","0",76,79,29,68,0.426,10,30,0.333,8,12,0.667,5,32,16,8,7,11,26,22,62,0.355,8,24,0.333,27,38,0.711,11,40,17,9,2,13,18
"217","NW","2020","2021-02-21","2021","02","Wisconsin","0",51,68,20,50,0.4,6,20,0.3,5,8,0.625,3,25,13,4,4,14,12,23,57,0.404,9,26,0.346,13,15,0.867,6,32,17,10,3,8,10
"218","NW","2020","2021-03-03","2021","03","Maryland","1",60,55,20,55,0.364,10,29,0.345,10,11,0.909,8,31,11,7,3,11,12,21,50,0.42,9,26,0.346,4,7,0.571,4,30,13,6,3,15,13
"219","NW","2020","2021-03-07","2021","03","Nebraska","1",79,78,32,60,0.533,11,25,0.44,4,9,0.444,6,27,21,8,3,12,16,26,56,0.464,14,33,0.424,12,16,0.75,7,29,21,6,1,13,15
"220","NW","2021","2022-01-02","2022","01","Michigan State","0",67,73,21,65,0.323,5,24,0.208,20,30,0.667,12,37,10,6,2,9,24,20,52,0.385,7,23,0.304,26,33,0.788,7,35,13,5,7,15,25
"221","NW","2021","2022-01-05","2022","01","Penn State","0",70,74,26,61,0.426,12,26,0.462,6,9,0.667,6,26,20,4,2,8,18,25,55,0.455,9,27,0.333,15,20,0.75,9,36,15,4,3,12,14
"222","NW","2021","2022-01-12","2022","01","Maryland","0",87,94,33,84,0.393,7,28,0.25,14,18,0.778,19,47,18,2,3,8,31,30,71,0.423,10,31,0.323,24,38,0.632,13,46,14,4,3,9,19
"223","NW","2021","2022-01-18","2022","01","Wisconsin","0",76,82,33,71,0.465,7,20,0.35,3,8,0.375,10,31,19,6,4,8,18,28,54,0.519,9,17,0.529,17,26,0.654,7,35,17,4,2,11,13
"224","NW","2021","2022-01-29","2022","01","Illinois","0",56,59,20,56,0.357,6,18,0.333,10,12,0.833,5,26,7,6,2,8,20,22,51,0.431,5,18,0.278,10,15,0.667,5,34,14,4,4,13,15
"225","NW","2021","2022-02-01","2022","02","Rutgers","1",79,78,27,57,0.474,10,31,0.323,15,21,0.714,9,29,18,7,4,20,17,26,58,0.448,4,17,0.235,22,27,0.815,9,30,15,11,1,16,18
"226","NW","2021","2022-02-08","2022","02","Indiana","1",59,51,22,69,0.319,5,27,0.185,10,13,0.769,13,43,7,4,2,4,16,20,54,0.37,4,16,0.25,7,13,0.538,6,34,13,3,7,7,15
"227","NW","2021","2022-02-16","2022","02","Purdue","0",64,70,21,60,0.35,8,28,0.286,14,16,0.875,5,26,15,6,4,10,17,24,53,0.453,8,21,0.381,14,21,0.667,6,37,18,3,3,14,16
"228","NW","2021","2022-02-22","2022","02","Nebraska","1",77,65,30,60,0.5,13,32,0.406,4,6,0.667,6,30,20,10,5,12,14,24,58,0.414,7,24,0.292,10,12,0.833,9,32,16,9,3,15,10
"229","NW","2021","2022-03-06","2022","03","Minnesota","1",75,62,25,61,0.41,9,23,0.391,16,21,0.762,8,44,15,3,4,8,13,23,63,0.365,7,21,0.333,9,12,0.75,3,29,13,5,4,6,19
"230","NW","2022","2023-01-01","2023","01","Ohio State","0",57,73,19,67,0.284,9,31,0.29,10,17,0.588,12,34,11,5,5,7,16,26,56,0.464,6,15,0.4,15,20,0.75,7,42,15,5,7,12,13
"231","NW","2022","2023-01-04","2023","01","Illinois","1",73,60,17,53,0.321,7,18,0.389,32,40,0.8,8,31,11,11,3,7,17,23,58,0.397,8,28,0.286,6,10,0.6,7,34,13,2,6,15,29
"232","NW","2022","2023-01-11","2023","01","Rutgers","0",62,65,21,51,0.412,10,27,0.37,10,18,0.556,9,27,14,4,6,9,12,23,54,0.426,11,18,0.611,8,10,0.8,9,30,16,8,5,11,15
"233","NW","2022","2023-01-23","2023","01","Wisconsin","1",66,63,22,51,0.431,6,16,0.375,16,18,0.889,7,31,9,3,1,5,22,22,57,0.386,10,31,0.323,9,16,0.563,8,29,16,3,1,5,19
"234","NW","2022","2023-01-28","2023","01","Minnesota","1",81,61,31,60,0.517,9,20,0.45,10,12,0.833,8,28,16,7,6,4,18,20,44,0.455,5,18,0.278,16,26,0.615,7,28,13,2,2,14,12
"235","NW","2022","2023-02-02","2023","02","Michigan","0",51,68,21,56,0.375,3,19,0.158,6,10,0.6,8,28,14,5,5,8,14,24,58,0.414,7,20,0.35,13,16,0.813,11,38,21,6,3,7,14
"236","NW","2022","2023-02-12","2023","02","Purdue","1",64,58,23,56,0.411,4,22,0.182,14,20,0.7,9,29,12,11,4,9,17,17,47,0.362,5,22,0.227,19,24,0.792,6,31,15,5,4,14,17
"237","NW","2022","2023-02-15","2023","02","Indiana","1",64,62,21,57,0.368,8,33,0.242,14,14,1,4,21,8,7,3,3,16,22,45,0.489,3,11,0.273,15,20,0.75,3,32,15,1,2,13,13
"238","NW","2022","2023-02-19","2023","02","Iowa","1",80,60,27,55,0.491,10,20,0.5,16,20,0.8,6,29,15,9,3,10,17,23,54,0.426,3,24,0.125,11,16,0.688,8,33,13,6,1,13,16
"239","NW","2022","2023-03-01","2023","03","Penn State","0",65,68,24,67,0.358,12,29,0.414,5,6,0.833,11,33,15,8,4,5,13,24,52,0.462,13,29,0.448,7,13,0.538,6,31,19,1,3,12,11
"240","OSU","2020","2020-12-23","2020","12","Rutgers","1",80,68,27,58,0.466,4,19,0.211,22,29,0.759,11,42,13,2,5,11,20,24,58,0.414,10,25,0.4,10,17,0.588,3,23,12,3,3,9,21
"241","OSU","2020","2020-12-30","2020","12","Nebraska","1",90,54,31,63,0.492,12,32,0.375,16,20,0.8,8,39,16,3,5,10,18,17,60,0.283,5,33,0.152,15,21,0.714,8,30,3,6,3,15,20
"242","OSU","2020","2021-01-13","2021","01","Northwestern","1",81,71,27,54,0.5,10,25,0.4,17,25,0.68,4,37,12,1,2,11,18,25,63,0.397,6,23,0.261,15,21,0.714,6,31,9,5,1,4,21
"243","OSU","2020","2021-01-19","2021","01","Purdue","0",65,67,20,53,0.377,14,35,0.4,11,17,0.647,8,26,11,2,2,9,18,26,54,0.481,5,20,0.25,10,17,0.588,7,33,4,5,1,10,18
"244","OSU","2020","2021-01-27","2021","01","Penn State","1",83,79,28,54,0.519,7,22,0.318,20,21,0.952,9,33,11,6,4,16,20,26,59,0.441,9,19,0.474,18,24,0.75,9,24,9,6,0,11,19
"245","OSU","2020","2021-01-31","2021","01","Michigan State","1",79,62,25,55,0.455,6,18,0.333,23,29,0.793,6,33,8,6,3,9,24,17,53,0.321,5,24,0.208,23,31,0.742,6,33,11,2,2,10,24
"246","OSU","2020","2021-02-13","2021","02","Indiana","1",78,59,27,56,0.482,7,16,0.438,17,19,0.895,12,35,10,7,3,10,20,21,50,0.42,5,15,0.333,12,22,0.545,11,25,13,3,0,14,20
"247","OSU","2020","2021-02-21","2021","02","Michigan","0",87,92,32,60,0.533,11,22,0.5,12,13,0.923,5,24,11,3,1,8,17,31,58,0.534,11,23,0.478,19,24,0.792,9,28,19,1,2,7,13
"248","OSU","2020","2021-02-28","2021","02","Iowa","0",57,73,23,51,0.451,5,17,0.294,6,10,0.6,2,28,8,3,2,12,13,29,62,0.468,10,24,0.417,5,9,0.556,5,31,22,5,1,5,13
"249","OSU","2020","2021-03-06","2021","03","Illinois","0",68,73,26,65,0.4,9,29,0.31,7,11,0.636,11,31,10,4,5,9,24,27,52,0.519,4,12,0.333,15,24,0.625,10,34,12,4,1,9,14
"250","OSU","2021","2021-12-11","2021","12","Wisconsin","1",73,55,29,58,0.5,6,19,0.316,9,13,0.692,7,47,15,4,4,14,14,22,65,0.338,6,26,0.231,5,9,0.556,3,25,7,7,5,8,19
"251","OSU","2021","2022-01-09","2022","01","Northwestern","1",95,87,29,51,0.569,11,25,0.44,26,27,0.963,4,26,18,9,8,14,15,32,68,0.471,10,24,0.417,13,17,0.765,14,28,19,7,3,12,19
"252","OSU","2021","2022-01-16","2022","01","Penn State","1",61,56,17,44,0.386,3,12,0.25,24,36,0.667,8,34,9,5,5,9,13,21,53,0.396,6,22,0.273,8,14,0.571,5,27,8,5,4,7,25
"253","OSU","2021","2022-02-06","2022","02","Maryland","1",82,67,30,59,0.508,11,26,0.423,11,17,0.647,7,35,17,2,1,6,13,23,59,0.39,10,29,0.345,11,16,0.688,8,29,13,5,0,9,13
"254","OSU","2021","2022-02-15","2022","02","Minnesota","1",70,45,27,55,0.491,10,23,0.435,6,10,0.6,5,34,11,3,5,10,14,16,52,0.308,5,19,0.263,8,11,0.727,5,27,6,8,2,12,12
"255","OSU","2021","2022-02-19","2022","02","Iowa","0",62,75,23,49,0.469,2,11,0.182,14,21,0.667,11,30,7,7,7,12,17,27,64,0.422,6,21,0.286,15,21,0.714,17,36,12,3,3,8,20
"256","OSU","2021","2022-02-21","2022","02","Indiana","1",80,69,26,54,0.481,6,19,0.316,22,28,0.786,5,32,8,4,6,12,22,22,64,0.344,6,19,0.316,19,27,0.704,12,33,12,6,4,11,21
"257","OSU","2021","2022-03-01","2022","03","Nebraska","0",70,78,22,57,0.386,7,24,0.292,19,24,0.792,11,33,10,2,7,8,17,27,55,0.491,9,23,0.391,15,18,0.833,4,28,12,5,1,4,20
"258","OSU","2021","2022-03-03","2022","03","Michigan State","1",80,69,29,53,0.547,9,20,0.45,13,16,0.813,3,23,9,7,2,10,17,24,53,0.453,9,18,0.5,12,18,0.667,8,26,11,3,3,13,15
"259","OSU","2021","2022-03-06","2022","03","Michigan","0",69,75,24,50,0.48,9,22,0.409,12,18,0.667,7,34,9,2,4,13,10,28,68,0.412,8,21,0.381,11,11,1,9,26,14,11,4,5,14
"260","OSU","2022","2022-12-08","2022","12","Rutgers","1",67,66,26,56,0.464,8,19,0.421,7,12,0.583,10,31,14,6,3,14,15,28,54,0.519,5,17,0.294,5,8,0.625,5,25,14,7,4,13,19
"261","OSU","2022","2023-01-05","2023","01","Purdue","0",69,71,29,58,0.5,6,14,0.429,5,7,0.714,9,26,11,8,4,7,13,25,58,0.431,13,31,0.419,8,10,0.8,12,32,15,4,0,14,9
"262","OSU","2022","2023-01-12","2023","01","Minnesota","0",67,70,24,64,0.375,6,13,0.462,13,15,0.867,10,33,5,5,3,9,15,27,54,0.5,7,22,0.318,9,16,0.563,4,32,12,3,6,9,14
"263","OSU","2022","2023-01-21","2023","01","Iowa","1",93,77,36,64,0.563,8,16,0.5,13,17,0.765,10,33,15,7,3,11,17,27,60,0.45,11,24,0.458,12,14,0.857,7,25,15,6,1,14,17
"264","OSU","2022","2023-02-02","2023","02","Wisconsin","0",60,65,24,56,0.429,4,14,0.286,8,13,0.615,9,41,9,5,3,16,20,23,55,0.418,6,20,0.3,13,22,0.591,4,24,9,8,0,7,15
"265","OSU","2022","2023-02-09","2023","02","Northwestern","0",63,69,24,48,0.5,1,14,0.071,14,22,0.636,10,35,10,3,1,14,16,24,52,0.462,12,29,0.414,9,13,0.692,5,21,15,6,1,10,17
"266","OSU","2022","2023-02-12","2023","02","Michigan State","0",41,62,17,60,0.283,6,29,0.207,1,2,0.5,11,30,5,6,2,10,7,27,59,0.458,7,22,0.318,1,1,1,11,37,15,4,2,10,12
"267","OSU","2022","2023-02-23","2023","02","Penn State","0",71,75,29,63,0.46,8,23,0.348,5,6,0.833,10,30,11,1,3,1,11,27,52,0.519,10,19,0.526,11,15,0.733,4,24,9,1,1,3,10
"268","OSU","2022","2023-02-26","2023","02","Illinois","1",72,60,30,56,0.536,3,14,0.214,9,10,0.9,6,34,10,6,3,12,15,22,61,0.361,6,29,0.207,10,14,0.714,7,25,8,4,4,11,13
"269","OSU","2022","2023-03-01","2023","03","Maryland","1",73,62,24,50,0.48,5,14,0.357,20,20,1,8,31,9,3,6,9,20,22,50,0.44,7,19,0.368,11,15,0.733,7,21,9,1,3,9,16
"270","PENS","2020","2020-12-23","2020","12","Illinois","0",81,98,35,65,0.538,7,23,0.304,4,7,0.571,8,25,15,6,5,12,23,35,63,0.556,5,16,0.313,23,28,0.821,12,33,20,5,2,10,15
"271","PENS","2020","2021-01-21","2021","01","Rutgers","1",75,67,27,55,0.491,6,19,0.316,15,24,0.625,12,38,16,10,2,14,11,27,61,0.443,7,17,0.412,6,11,0.545,7,26,18,8,2,12,18
"272","PENS","2020","2021-01-23","2021","01","Northwestern","1",81,78,26,55,0.473,9,20,0.45,20,26,0.769,12,37,12,10,4,16,15,29,59,0.492,11,26,0.423,9,12,0.75,3,23,16,8,2,14,20
"273","PENS","2020","2021-01-30","2021","01","Wisconsin","1",81,71,27,60,0.45,8,24,0.333,19,25,0.76,5,33,14,6,1,6,10,29,66,0.439,7,28,0.25,6,8,0.75,10,38,14,2,5,12,21
"274","PENS","2020","2021-02-05","2021","02","Maryland","1",55,50,17,54,0.315,5,23,0.217,16,18,0.889,9,37,10,7,2,13,16,17,48,0.354,3,17,0.176,13,16,0.813,5,25,6,6,7,16,16
"275","PENS","2020","2021-02-14","2021","02","Nebraska","0",61,62,21,65,0.323,9,31,0.29,10,12,0.833,11,33,13,7,3,11,9,27,56,0.482,7,19,0.368,1,3,0.333,3,31,19,7,6,16,12
"276","PENS","2020","2021-02-18","2021","02","Ohio State","0",82,92,27,60,0.45,12,28,0.429,16,21,0.762,8,25,16,7,2,10,20,30,53,0.566,11,20,0.55,21,26,0.808,8,32,19,3,5,11,21
"277","PENS","2020","2021-02-26","2021","02","Purdue","0",52,73,22,62,0.355,6,29,0.207,2,8,0.25,6,24,11,6,4,12,15,27,52,0.519,7,19,0.368,12,17,0.706,5,37,13,8,6,13,18
"278","PENS","2020","2021-03-03","2021","03","Minnesota","1",84,65,32,70,0.457,10,25,0.4,10,19,0.526,16,44,19,5,2,6,15,21,59,0.356,5,18,0.278,18,24,0.75,7,29,11,5,5,7,16
"279","PENS","2021","2021-12-05","2021","12","Ohio State","0",64,76,23,51,0.451,5,17,0.294,13,15,0.867,6,28,12,6,1,15,16,27,53,0.509,12,27,0.444,10,12,0.833,5,26,17,8,3,12,17
"280","PENS","2021","2022-01-02","2022","01","Indiana","1",61,58,21,51,0.412,11,22,0.5,8,10,0.8,11,37,7,6,1,11,14,23,58,0.397,4,17,0.235,8,12,0.667,9,28,13,6,3,6,13
"281","PENS","2021","2022-01-08","2022","01","Purdue","0",67,74,26,55,0.473,8,22,0.364,7,11,0.636,8,28,14,6,4,9,13,28,58,0.483,9,24,0.375,9,13,0.692,10,29,14,6,2,8,14
"282","PENS","2021","2022-01-11","2022","01","Rutgers","1",66,49,26,60,0.433,6,18,0.333,8,10,0.8,12,39,10,6,2,12,14,19,56,0.339,5,19,0.263,6,12,0.5,11,31,10,6,3,14,15
"283","PENS","2021","2022-01-31","2022","01","Iowa","1",90,86,33,74,0.446,6,27,0.222,18,24,0.75,14,52,12,6,2,11,23,27,77,0.351,11,31,0.355,21,28,0.75,14,42,17,7,3,8,22
"284","PENS","2021","2022-02-08","2022","02","Michigan","0",57,58,22,55,0.4,7,21,0.333,6,7,0.857,6,25,10,5,3,6,17,17,54,0.315,5,21,0.238,19,22,0.864,13,37,12,1,4,7,11
"285","PENS","2021","2022-02-15","2022","02","Michigan State","1",62,58,22,56,0.393,10,25,0.4,8,12,0.667,10,34,13,7,2,8,14,23,55,0.418,5,16,0.313,7,10,0.7,7,31,14,5,5,10,15
"286","PENS","2021","2022-02-17","2022","02","Minnesota","1",67,46,28,52,0.538,7,14,0.5,4,6,0.667,3,34,16,7,5,10,11,17,53,0.321,7,19,0.368,5,11,0.455,3,24,9,5,2,8,9
"287","PENS","2021","2022-02-25","2022","02","Northwestern","1",67,60,22,53,0.415,13,33,0.394,10,15,0.667,11,41,12,2,4,11,16,22,60,0.367,7,22,0.318,9,11,0.818,5,27,15,4,3,4,18
"288","PENS","2021","2022-02-27","2022","02","Nebraska","0",70,93,27,58,0.466,9,26,0.346,7,10,0.7,6,21,14,10,2,12,16,32,55,0.582,13,20,0.65,16,19,0.842,9,32,14,8,1,15,14
"289","PENS","2022","2022-12-07","2022","12","Michigan State","0",58,67,19,55,0.345,8,27,0.296,12,18,0.667,5,33,11,4,4,9,15,26,60,0.433,6,14,0.429,9,11,0.818,4,38,13,2,3,8,14
"290","PENS","2022","2023-01-01","2023","01","Iowa","1",83,79,30,55,0.545,9,19,0.474,14,16,0.875,1,27,12,5,2,9,19,28,63,0.444,7,25,0.28,16,22,0.727,9,32,18,3,3,7,15
"291","PENS","2022","2023-01-08","2023","01","Purdue","0",63,76,26,62,0.419,8,22,0.364,3,3,1,7,22,12,7,1,8,12,31,56,0.554,8,18,0.444,6,7,0.857,9,33,18,5,5,11,11
"292","PENS","2022","2023-01-11","2023","01","Indiana","1",85,66,32,59,0.542,18,31,0.581,3,4,0.75,3,27,19,6,4,5,15,26,59,0.441,4,14,0.286,10,18,0.556,11,35,15,1,4,9,10
"293","PENS","2022","2023-01-21","2023","01","Nebraska","1",76,65,27,55,0.491,11,30,0.367,11,14,0.786,4,32,12,4,0,10,22,23,51,0.451,6,22,0.273,13,24,0.542,5,31,14,6,1,9,12
"294","PENS","2022","2023-01-29","2023","01","Michigan","1",83,61,31,57,0.544,13,30,0.433,8,10,0.8,6,34,20,7,1,9,9,25,59,0.424,6,22,0.273,5,8,0.625,6,26,14,4,3,8,8
"295","PENS","2022","2023-02-08","2023","02","Wisconsin","0",74,79,29,59,0.492,9,23,0.391,7,11,0.636,6,29,13,5,1,10,21,28,53,0.528,11,24,0.458,12,19,0.632,3,26,16,5,2,8,16
"296","PENS","2022","2023-02-14","2023","02","Illinois","1",93,81,33,57,0.579,12,28,0.429,15,19,0.789,3,27,13,3,1,7,16,29,61,0.475,7,27,0.259,16,20,0.8,7,30,13,7,3,8,17
"297","PENS","2022","2023-02-26","2023","02","Rutgers","0",56,59,20,54,0.37,8,29,0.276,8,13,0.615,9,36,11,1,3,8,12,23,61,0.377,6,18,0.333,7,11,0.636,10,37,9,5,1,4,15
"298","PENS","2022","2023-03-05","2023","03","Maryland","1",65,64,26,54,0.481,10,27,0.37,3,5,0.6,4,24,13,7,0,9,14,23,50,0.46,8,22,0.364,10,12,0.833,5,28,10,5,2,12,14
"299","PUR","2020","2020-12-16","2020","12","Ohio State","1",67,60,25,53,0.472,6,20,0.3,11,13,0.846,7,33,16,9,3,15,19,22,58,0.379,6,24,0.25,10,13,0.769,10,29,14,6,3,13,18
"300","PUR","2020","2020-12-25","2020","12","Maryland","1",73,70,26,57,0.456,10,22,0.455,11,17,0.647,9,38,16,3,3,9,18,25,58,0.431,10,28,0.357,10,21,0.476,5,28,14,5,3,5,18
"301","PUR","2020","2021-01-17","2021","01","Penn State","1",80,72,25,62,0.403,6,32,0.188,24,33,0.727,13,43,12,5,7,11,16,27,82,0.329,10,39,0.256,8,13,0.615,18,43,11,7,3,6,26
"302","PUR","2020","2021-01-22","2021","01","Michigan","0",53,70,20,65,0.308,2,12,0.167,11,15,0.733,18,39,11,6,6,14,16,24,55,0.436,6,15,0.4,14,17,0.824,8,37,14,6,5,14,18
"303","PUR","2020","2021-01-30","2021","01","Minnesota","1",81,62,27,57,0.474,8,15,0.533,19,24,0.792,15,40,11,8,2,10,18,22,57,0.386,10,28,0.357,8,11,0.727,8,24,15,6,7,11,21
"304","PUR","2020","2021-02-06","2021","02","Northwestern","1",75,70,22,54,0.407,8,23,0.348,23,24,0.958,8,32,14,10,4,9,15,26,59,0.441,10,28,0.357,8,11,0.727,6,28,16,3,3,14,22
"305","PUR","2020","2021-02-16","2021","02","Michigan State","1",75,65,28,57,0.491,3,12,0.25,16,24,0.667,8,27,12,6,6,6,20,23,52,0.442,7,16,0.438,12,18,0.667,11,35,12,2,2,16,25
"306","PUR","2020","2021-03-02","2021","03","Wisconsin","1",73,69,24,50,0.48,5,14,0.357,20,26,0.769,10,34,18,3,3,10,19,23,57,0.404,7,29,0.241,16,21,0.762,9,25,11,1,5,6,21
"307","PUR","2020","2021-03-06","2021","03","Indiana","1",67,58,23,48,0.479,6,21,0.286,15,19,0.789,8,34,13,6,2,15,18,20,52,0.385,5,23,0.217,13,18,0.722,4,21,13,6,3,11,16
"308","PUR","2021","2021-12-03","2021","12","Iowa","1",77,70,21,50,0.42,8,19,0.421,27,37,0.73,8,40,14,5,2,15,18,25,62,0.403,5,21,0.238,15,22,0.682,5,27,12,6,0,9,29
"309","PUR","2021","2022-01-03","2022","01","Wisconsin","0",69,74,23,56,0.411,8,20,0.4,15,24,0.625,10,34,19,2,0,12,17,27,60,0.45,6,24,0.25,14,19,0.737,8,32,13,5,2,7,22
"310","PUR","2021","2022-01-14","2022","01","Nebraska","1",92,65,32,65,0.492,9,29,0.31,19,27,0.704,14,41,19,7,5,10,16,26,57,0.456,8,19,0.421,5,13,0.385,7,29,14,6,1,17,21
"311","PUR","2021","2022-01-23","2022","01","Northwestern","1",80,60,29,56,0.518,12,29,0.414,10,13,0.769,10,32,19,5,0,9,13,22,50,0.44,9,26,0.346,7,9,0.778,4,19,12,5,2,10,16
"312","PUR","2021","2022-01-30","2022","01","Ohio State","1",81,78,29,60,0.483,8,17,0.471,15,26,0.577,12,33,17,4,4,10,12,29,63,0.46,9,29,0.31,11,14,0.786,9,27,16,6,4,6,22
"313","PUR","2021","2022-02-05","2022","02","Michigan","1",82,76,30,58,0.517,5,18,0.278,17,21,0.81,11,31,17,7,3,6,10,29,52,0.558,8,18,0.444,10,12,0.833,2,18,17,3,3,11,17
"314","PUR","2021","2022-02-08","2022","02","Illinois","1",84,68,31,61,0.508,9,22,0.409,13,18,0.722,8,30,16,5,5,9,16,24,58,0.414,8,26,0.308,12,15,0.8,7,26,13,4,2,9,20
"315","PUR","2021","2022-02-13","2022","02","Maryland","1",62,61,23,52,0.442,8,20,0.4,8,12,0.667,6,31,14,7,4,15,15,24,55,0.436,5,18,0.278,8,10,0.8,7,29,11,8,3,14,19
"316","PUR","2021","2022-02-20","2022","02","Rutgers","1",84,72,26,49,0.531,8,22,0.364,24,29,0.828,5,24,19,2,2,7,16,27,53,0.509,5,15,0.333,13,17,0.765,6,22,16,4,0,10,24
"317","PUR","2021","2022-03-05","2022","03","Indiana","1",69,67,23,58,0.397,9,24,0.375,14,21,0.667,13,36,15,3,5,11,11,26,60,0.433,5,20,0.25,10,10,1,7,32,17,6,3,9,21
"318","PUR","2021","2021-12-03","2021","12","Iowa","1",77,70,21,50,0.42,8,19,0.421,27,37,0.73,8,40,14,5,2,15,18,25,62,0.403,5,21,0.238,15,22,0.682,5,27,12,6,0,9,29
"319","PUR","2021","2022-01-03","2022","01","Wisconsin","0",69,74,23,56,0.411,8,20,0.4,15,24,0.625,10,34,19,2,0,12,17,27,60,0.45,6,24,0.25,14,19,0.737,8,32,13,5,2,7,22
"320","PUR","2021","2022-01-14","2022","01","Nebraska","1",92,65,32,65,0.492,9,29,0.31,19,27,0.704,14,41,19,7,5,10,16,26,57,0.456,8,19,0.421,5,13,0.385,7,29,14,6,1,17,21
"321","PUR","2021","2022-01-23","2022","01","Northwestern","1",80,60,29,56,0.518,12,29,0.414,10,13,0.769,10,32,19,5,0,9,13,22,50,0.44,9,26,0.346,7,9,0.778,4,19,12,5,2,10,16
"322","PUR","2021","2022-01-30","2022","01","Ohio State","1",81,78,29,60,0.483,8,17,0.471,15,26,0.577,12,33,17,4,4,10,12,29,63,0.46,9,29,0.31,11,14,0.786,9,27,16,6,4,6,22
"323","PUR","2021","2022-02-05","2022","02","Michigan","1",82,76,30,58,0.517,5,18,0.278,17,21,0.81,11,31,17,7,3,6,10,29,52,0.558,8,18,0.444,10,12,0.833,2,18,17,3,3,11,17
"324","PUR","2021","2022-02-08","2022","02","Illinois","1",84,68,31,61,0.508,9,22,0.409,13,18,0.722,8,30,16,5,5,9,16,24,58,0.414,8,26,0.308,12,15,0.8,7,26,13,4,2,9,20
"325","PUR","2021","2022-02-13","2022","02","Maryland","1",62,61,23,52,0.442,8,20,0.4,8,12,0.667,6,31,14,7,4,15,15,24,55,0.436,5,18,0.278,8,10,0.8,7,29,11,8,3,14,19
"326","PUR","2021","2022-02-20","2022","02","Rutgers","1",84,72,26,49,0.531,8,22,0.364,24,29,0.828,5,24,19,2,2,7,16,27,53,0.509,5,15,0.333,13,17,0.765,6,22,16,4,0,10,24
"327","PUR","2021","2022-03-05","2022","03","Indiana","1",69,67,23,58,0.397,9,24,0.375,14,21,0.667,13,36,15,3,5,11,11,26,60,0.433,5,20,0.25,10,10,1,7,32,17,6,3,9,21
"328","RUT","2020","2020-12-20","2020","12","Illinois","1",91,88,29,62,0.468,8,20,0.4,25,36,0.694,13,33,12,8,8,9,17,34,63,0.54,9,15,0.6,11,15,0.733,8,32,20,4,0,13,26
"329","RUT","2020","2020-12-29","2020","12","Purdue","1",81,76,28,56,0.5,11,21,0.524,14,17,0.824,4,27,12,7,3,5,17,29,59,0.492,7,26,0.269,11,14,0.786,9,31,14,2,2,8,15
"330","RUT","2020","2021-01-02","2021","01","Iowa","0",75,77,31,71,0.437,9,23,0.391,4,12,0.333,15,36,19,11,8,10,21,26,56,0.464,7,18,0.389,18,23,0.783,9,37,13,8,9,15,13
"331","RUT","2020","2021-01-09","2021","01","Ohio State","0",68,79,29,66,0.439,5,20,0.25,5,10,0.5,8,27,13,8,3,5,22,25,49,0.51,10,24,0.417,19,28,0.679,8,38,14,3,5,11,14
"332","RUT","2020","2021-01-15","2021","01","Wisconsin","0",54,60,25,67,0.373,2,19,0.105,2,7,0.286,17,47,6,6,4,12,19,19,54,0.352,6,25,0.24,16,21,0.762,7,33,10,10,9,9,17
"333","RUT","2020","2021-01-28","2021","01","Michigan State","1",67,37,26,60,0.433,5,19,0.263,10,12,0.833,13,40,12,14,7,12,14,16,56,0.286,4,20,0.2,1,5,0.2,10,29,8,4,4,19,15
"334","RUT","2020","2021-02-04","2021","02","Minnesota","1",76,72,26,49,0.531,6,15,0.4,18,25,0.72,10,34,13,8,7,13,16,26,64,0.406,6,18,0.333,14,17,0.824,14,30,14,7,1,11,20
"335","RUT","2020","2021-02-13","2021","02","Northwestern","1",64,50,23,56,0.411,4,19,0.211,14,16,0.875,8,41,9,6,8,12,13,18,55,0.327,6,19,0.316,8,12,0.667,4,25,9,8,7,11,14
"336","RUT","2020","2021-02-21","2021","02","Maryland","0",59,68,21,55,0.382,5,22,0.227,12,14,0.857,7,30,10,6,2,14,22,22,47,0.468,6,20,0.3,18,28,0.643,6,30,12,9,1,11,14
"337","RUT","2020","2021-02-24","2021","02","Indiana","1",74,63,30,61,0.492,11,28,0.393,3,6,0.5,6,37,22,9,10,13,16,22,61,0.361,8,18,0.444,11,18,0.611,9,34,15,7,0,13,10
"338","RUT","2021","2021-12-09","2021","12","Purdue","1",70,68,25,48,0.521,7,14,0.5,13,18,0.722,3,22,18,8,2,15,19,25,61,0.41,7,26,0.269,11,16,0.688,13,30,10,8,2,12,17
"339","RUT","2021","2022-01-04","2022","01","Michigan","1",75,67,27,56,0.482,11,23,0.478,10,17,0.588,8,37,20,4,3,10,18,27,59,0.458,3,15,0.2,10,13,0.769,5,29,16,5,1,8,15
"340","RUT","2021","2022-01-08","2022","01","Nebraska","1",93,65,35,60,0.583,10,18,0.556,13,14,0.929,8,35,23,9,1,13,17,26,53,0.491,6,18,0.333,7,12,0.583,3,19,12,5,3,14,18
"341","RUT","2021","2022-01-19","2022","01","Iowa","1",48,46,18,58,0.31,2,13,0.154,10,13,0.769,10,45,13,7,10,14,15,17,61,0.279,6,27,0.222,6,11,0.545,9,35,8,8,5,10,16
"342","RUT","2021","2022-01-25","2022","01","Maryland","0",60,68,22,64,0.344,8,24,0.333,8,10,0.8,11,36,17,6,5,7,16,24,53,0.453,12,25,0.48,8,14,0.571,6,33,12,1,4,8,11
"343","RUT","2021","2022-02-05","2022","02","Michigan State","1",84,63,32,52,0.615,9,20,0.45,11,17,0.647,10,27,22,7,4,9,13,23,52,0.442,11,24,0.458,6,6,1,6,18,15,5,3,13,15
"344","RUT","2021","2022-02-09","2022","02","Ohio State","1",66,64,25,47,0.532,5,15,0.333,11,14,0.786,5,24,12,4,9,8,14,23,57,0.404,10,18,0.556,8,13,0.615,13,30,11,5,4,6,13
"345","RUT","2021","2022-02-16","2022","02","Illinois","1",70,59,28,59,0.475,5,15,0.333,9,14,0.643,13,42,14,9,2,13,16,22,58,0.379,6,23,0.261,9,16,0.563,7,26,15,8,3,9,16
"346","RUT","2021","2022-02-26","2022","02","Wisconsin","0",61,66,24,53,0.453,4,17,0.235,9,15,0.6,4,31,6,6,5,12,17,23,54,0.426,9,20,0.45,11,17,0.647,6,30,9,8,1,9,17
"347","RUT","2021","2022-03-06","2022","03","Penn State","1",59,58,22,50,0.44,6,17,0.353,9,17,0.529,5,26,15,6,5,8,13,18,56,0.321,6,24,0.25,16,18,0.889,9,35,10,7,3,8,17
"348","RUT","2022","2022-12-03","2022","12","Indiana","1",63,48,22,60,0.367,6,21,0.286,13,19,0.684,12,42,11,7,5,13,18,17,56,0.304,6,25,0.24,8,14,0.571,9,32,9,5,5,14,20
"349","RUT","2022","2023-01-05","2023","01","Maryland","1",64,50,23,51,0.451,6,17,0.353,12,14,0.857,7,26,11,11,6,12,11,19,46,0.413,8,22,0.364,4,9,0.444,9,25,10,9,2,18,17
"350","RUT","2022","2023-01-08","2023","01","Iowa","0",65,76,24,63,0.381,5,18,0.278,12,15,0.8,14,35,10,10,4,11,16,25,56,0.446,12,27,0.444,14,19,0.737,11,36,17,7,6,15,14
"351","RUT","2022","2023-01-15","2023","01","Ohio State","1",68,64,21,62,0.339,6,24,0.25,20,27,0.741,10,38,16,8,8,9,15,23,67,0.343,8,21,0.381,10,12,0.833,13,42,7,5,4,12,22
"352","RUT","2022","2023-01-24","2023","01","Penn State","1",65,45,23,50,0.46,4,13,0.308,15,19,0.789,6,41,13,5,5,9,14,18,54,0.333,4,26,0.154,5,9,0.556,3,25,9,5,1,7,17
"353","RUT","2022","2023-02-01","2023","02","Minnesota","1",90,55,37,62,0.597,10,20,0.5,6,9,0.667,5,33,30,10,2,9,13,22,61,0.361,5,25,0.2,6,7,0.857,11,30,16,8,1,14,13
"354","RUT","2022","2023-02-04","2023","02","Michigan State","1",61,55,18,48,0.375,3,16,0.188,22,34,0.647,8,28,9,8,3,10,16,20,58,0.345,4,21,0.19,11,14,0.786,9,38,9,4,5,13,23
"355","RUT","2022","2023-02-14","2023","02","Nebraska","0",72,82,28,61,0.459,8,23,0.348,8,14,0.571,11,33,18,7,6,11,13,32,55,0.582,12,28,0.429,6,9,0.667,3,25,16,5,5,14,14
"356","RUT","2022","2023-02-23","2023","02","Michigan","0",45,58,18,47,0.383,4,13,0.308,5,16,0.313,4,29,11,7,2,13,13,22,54,0.407,7,25,0.28,7,11,0.636,8,34,11,11,5,9,11
"357","RUT","2022","2023-03-05","2023","03","Northwestern","0",53,65,20,55,0.364,2,17,0.118,11,21,0.524,9,30,11,10,3,15,19,24,53,0.453,7,23,0.304,10,17,0.588,11,39,13,10,6,16,18
"358","UMICH","2020","2020-12-13","2020","12","Penn State","1",62,58,20,45,0.444,5,14,0.357,17,20,0.85,4,35,13,0,8,15,16,20,65,0.308,7,19,0.368,11,15,0.733,10,30,10,7,2,8,17
"359","UMICH","2020","2021-01-03","2021","01","Northwestern","1",85,66,32,64,0.5,12,27,0.444,9,14,0.643,12,41,22,4,8,11,15,26,63,0.413,5,18,0.278,9,12,0.75,5,26,12,1,1,8,14
"360","UMICH","2020","2021-01-06","2021","01","Minnesota","1",82,57,33,58,0.569,4,13,0.308,12,15,0.8,9,35,17,4,4,13,10,22,68,0.324,7,28,0.25,6,6,1,13,28,6,7,2,11,15
"361","UMICH","2020","2021-01-12","2021","01","Wisconsin","1",77,54,32,62,0.516,9,16,0.563,4,4,1,8,41,13,6,9,8,9,20,65,0.308,9,28,0.321,5,6,0.833,7,28,8,4,2,10,6
"362","UMICH","2020","2021-01-19","2021","01","Maryland","1",87,63,29,56,0.518,12,24,0.5,17,22,0.773,5,34,20,6,5,9,22,21,51,0.412,4,19,0.211,17,30,0.567,3,22,9,4,1,10,15
"363","UMICH","2020","2021-02-18","2021","02","Rutgers","1",71,64,24,52,0.462,6,15,0.4,17,23,0.739,5,35,12,2,4,11,17,25,62,0.403,3,12,0.25,11,18,0.611,7,26,8,4,7,2,16
"364","UMICH","2020","2021-02-25","2021","02","Iowa","1",79,57,33,70,0.471,8,17,0.471,5,6,0.833,12,39,13,5,2,6,13,21,59,0.356,6,19,0.316,9,11,0.818,6,31,4,4,3,9,12
"365","UMICH","2020","2021-03-02","2021","03","Illinois","0",53,76,17,49,0.347,2,7,0.286,17,24,0.708,3,24,4,5,4,10,14,30,64,0.469,6,13,0.462,10,14,0.714,11,40,9,5,2,12,20
"366","UMICH","2020","2021-03-04","2021","03","Michigan State","1",69,50,26,52,0.5,7,16,0.438,10,14,0.714,7,34,9,4,1,14,20,20,55,0.364,0,9,0,10,14,0.714,7,27,7,5,5,11,16
"367","UMICH","2021","2021-12-11","2021","12","Minnesota","0",65,75,26,55,0.473,3,18,0.167,10,16,0.625,6,32,12,0,3,8,17,29,57,0.509,6,18,0.333,11,16,0.688,3,25,2,2,1,2,14
"368","UMICH","2021","2022-01-18","2022","01","Maryland","1",83,64,35,60,0.583,8,20,0.4,5,5,1,8,25,19,5,3,8,15,25,52,0.481,6,17,0.353,8,11,0.727,5,16,10,4,2,13,10
"369","UMICH","2021","2022-01-26","2022","01","Northwestern","1",72,70,23,41,0.561,8,12,0.667,18,26,0.692,1,24,11,2,0,12,24,23,47,0.489,8,17,0.471,16,26,0.615,3,22,8,3,1,9,22
"370","UMICH","2021","2022-02-01","2022","02","Nebraska","1",85,79,28,60,0.467,2,15,0.133,27,33,0.818,11,38,14,5,2,11,17,30,59,0.508,7,18,0.389,12,15,0.8,3,22,9,6,2,11,22
"371","UMICH","2021","2022-02-10","2022","02","Purdue","1",82,58,32,62,0.516,12,21,0.571,6,7,0.857,11,32,21,6,2,7,14,22,50,0.44,4,18,0.222,10,14,0.714,7,22,5,2,3,14,11
"372","UMICH","2021","2022-02-12","2022","02","Ohio State","0",57,68,24,58,0.414,4,17,0.235,5,6,0.833,9,29,16,3,2,11,18,24,48,0.5,4,11,0.364,16,18,0.889,2,24,6,3,4,7,13
"373","UMICH","2021","2022-02-23","2022","02","Rutgers","1",71,62,27,58,0.466,7,22,0.318,10,10,1,6,35,10,2,6,12,8,27,63,0.429,2,12,0.167,6,7,0.857,4,27,10,8,2,9,11
"374","UMICH","2021","2022-02-27","2022","02","Illinois","0",85,93,29,57,0.509,5,15,0.333,22,25,0.88,6,25,12,6,2,11,19,34,60,0.567,10,17,0.588,15,25,0.6,7,26,13,4,0,9,20
"375","UMICH","2021","2022-03-01","2022","03","Michigan State","1",87,70,32,55,0.582,7,12,0.583,16,22,0.727,6,30,14,5,4,11,18,27,59,0.458,5,16,0.313,11,19,0.579,7,25,11,7,4,10,21
"376","UMICH","2021","2022-03-03","2022","03","Iowa","0",71,82,30,60,0.5,7,19,0.368,4,8,0.5,9,28,16,4,6,13,11,30,57,0.526,11,19,0.579,11,12,0.917,5,25,11,10,6,8,13
"377","UMICH","2022","2023-01-01","2023","01","Maryland","1",81,46,28,56,0.5,3,11,0.273,22,29,0.759,8,44,15,6,4,13,11,18,68,0.265,5,25,0.2,5,9,0.556,9,30,7,6,3,12,24
"378","UMICH","2022","2023-01-04","2023","01","Penn State","1",79,69,27,58,0.466,8,19,0.421,17,25,0.68,6,35,11,4,2,3,16,26,58,0.448,9,28,0.321,8,11,0.727,4,29,6,2,2,7,20
"379","UMICH","2022","2023-01-15","2023","01","Northwestern","1",85,78,29,56,0.518,10,22,0.455,17,24,0.708,10,38,18,5,4,18,17,27,64,0.422,6,23,0.261,18,24,0.75,9,29,13,11,2,8,19
"380","UMICH","2022","2023-01-22","2023","01","Minnesota","1",60,56,22,60,0.367,2,14,0.143,14,18,0.778,6,32,8,7,3,10,14,23,57,0.404,6,23,0.261,4,7,0.571,5,33,11,3,3,14,18
"381","UMICH","2022","2023-01-26","2023","01","Purdue","0",70,75,26,59,0.441,9,25,0.36,9,14,0.643,6,23,9,5,3,6,17,27,50,0.54,5,12,0.417,16,20,0.8,6,32,7,3,3,12,16
"382","UMICH","2022","2023-02-05","2023","02","Ohio State","1",77,69,28,57,0.491,8,23,0.348,13,18,0.722,6,33,11,2,3,8,13,26,64,0.406,5,16,0.313,12,17,0.706,11,33,6,4,2,6,16
"383","UMICH","2022","2023-02-08","2023","02","Nebraska","1",93,72,34,59,0.576,14,26,0.538,11,13,0.846,5,31,16,1,5,13,19,28,58,0.483,7,20,0.35,9,17,0.529,4,22,15,4,1,8,13
"384","UMICH","2022","2023-02-11","2023","02","Indiana","0",61,62,23,54,0.426,5,20,0.25,10,13,0.769,4,29,8,7,6,11,16,23,53,0.434,2,6,0.333,14,18,0.778,4,27,12,3,4,13,16
"385","UMICH","2022","2023-02-18","2023","02","Michigan State","1",84,72,29,59,0.492,9,26,0.346,17,21,0.81,13,37,9,3,5,9,15,28,59,0.475,7,19,0.368,9,10,0.9,4,22,13,2,1,8,20
"386","UMICH","2022","2023-02-26","2023","02","Wisconsin","1",87,79,29,59,0.492,7,21,0.333,22,26,0.846,5,35,7,4,6,12,17,30,70,0.429,8,23,0.348,11,12,0.917,6,29,10,5,4,8,19
"387","WIS","2020","2020-12-22","2020","12","Nebraska","1",67,53,22,55,0.4,8,26,0.308,15,15,1,5,39,14,0,1,11,12,18,54,0.333,8,27,0.296,9,17,0.529,5,28,12,6,6,9,15
"388","WIS","2020","2020-12-28","2020","12","Maryland","0",64,70,24,55,0.436,8,21,0.381,8,15,0.533,7,28,12,3,1,6,15,26,52,0.5,6,17,0.353,12,15,0.8,4,31,11,3,5,9,17
"389","WIS","2020","2020-12-31","2020","12","Minnesota","1",71,59,30,59,0.508,6,15,0.4,5,8,0.625,8,35,12,3,3,9,15,20,64,0.313,7,31,0.226,12,14,0.857,15,38,12,1,6,10,15
"390","WIS","2020","2021-01-07","2021","01","Indiana","1",80,73,28,66,0.424,8,19,0.421,16,20,0.8,5,33,14,10,0,7,14,30,62,0.484,8,21,0.381,5,8,0.625,1,31,19,2,7,13,19
"391","WIS","2020","2021-01-20","2021","01","Northwestern","1",68,52,24,55,0.436,10,27,0.37,10,11,0.909,4,29,14,5,2,8,13,21,51,0.412,7,23,0.304,3,7,0.429,2,25,10,3,2,10,17
"392","WIS","2020","2021-01-23","2021","01","Ohio State","0",62,74,23,57,0.404,7,28,0.25,9,15,0.6,5,27,14,7,4,9,19,27,53,0.509,5,16,0.313,15,18,0.833,3,31,9,6,2,11,16
"393","WIS","2020","2021-02-02","2021","02","Penn State","1",72,56,25,52,0.481,9,18,0.5,13,16,0.813,8,31,16,8,1,15,13,22,57,0.386,6,24,0.25,6,10,0.6,10,24,10,6,3,13,16
"394","WIS","2020","2021-02-14","2021","02","Michigan","0",59,67,21,54,0.389,6,19,0.316,11,12,0.917,3,25,11,5,5,9,18,24,59,0.407,7,17,0.412,12,16,0.75,9,32,11,5,6,5,10
"395","WIS","2020","2021-02-18","2021","02","Iowa","0",62,77,21,70,0.3,13,34,0.382,7,12,0.583,15,34,13,3,4,5,19,26,51,0.51,12,19,0.632,13,19,0.684,6,40,16,2,4,11,13
"396","WIS","2020","2021-02-27","2021","02","Illinois","0",69,74,24,69,0.348,10,31,0.323,11,15,0.733,11,27,10,13,3,7,19,25,48,0.521,5,9,0.556,19,27,0.704,5,39,13,5,3,20,18
"397","WIS","2021","2021-12-08","2021","12","Indiana","1",64,59,22,62,0.355,5,23,0.217,15,18,0.833,10,38,12,4,6,4,15,24,62,0.387,5,13,0.385,6,13,0.462,12,39,14,2,4,9,19
"398","WIS","2021","2022-01-06","2022","01","Iowa","1",87,78,33,66,0.5,5,17,0.294,16,23,0.696,11,38,15,6,1,7,20,30,61,0.492,7,20,0.35,11,19,0.579,6,25,19,4,7,8,22
"399","WIS","2021","2022-01-13","2022","01","Ohio State","1",78,68,27,58,0.466,10,23,0.435,14,20,0.7,6,29,16,6,0,9,14,30,60,0.5,3,19,0.158,5,10,0.5,6,30,7,3,3,11,20
"400","WIS","2021","2022-01-21","2022","01","Michigan State","0",74,86,26,61,0.426,12,29,0.414,10,11,0.909,5,17,15,5,1,10,18,29,55,0.527,6,12,0.5,22,28,0.786,11,39,14,4,4,13,19
"401","WIS","2021","2022-01-30","2022","01","Minnesota","1",66,60,24,57,0.421,6,19,0.316,12,15,0.8,7,31,8,3,0,7,15,23,53,0.434,6,18,0.333,8,9,0.889,4,29,4,4,2,11,17
"402","WIS","2021","2022-02-05","2022","02","Penn State","1",51,49,21,56,0.375,6,21,0.286,3,6,0.5,5,36,10,3,4,8,13,18,57,0.316,9,30,0.3,4,5,0.8,6,33,7,7,3,10,14
"403","WIS","2021","2022-02-12","2022","02","Rutgers","0",65,73,26,55,0.473,4,19,0.211,9,17,0.529,7,27,13,8,0,11,18,25,49,0.51,7,12,0.583,16,18,0.889,4,29,11,10,3,13,20
"404","WIS","2021","2022-02-20","2022","02","Michigan","1",77,63,29,58,0.5,4,13,0.308,15,16,0.938,4,27,7,7,5,8,16,25,64,0.391,4,25,0.16,9,13,0.692,12,36,11,5,2,11,19
"405","WIS","2021","2022-03-01","2022","03","Purdue","1",70,67,26,61,0.426,7,22,0.318,11,12,0.917,7,30,9,6,4,6,17,24,56,0.429,8,21,0.381,11,20,0.55,8,34,10,4,1,10,16
"406","WIS","2021","2022-03-06","2022","03","Nebraska","0",73,74,24,60,0.4,5,23,0.217,20,25,0.8,11,31,9,7,4,9,16,29,54,0.537,5,18,0.278,11,14,0.786,5,24,8,6,2,10,19
"407","WIS","2022","2022-12-06","2022","12","Maryland","1",64,59,20,47,0.426,7,21,0.333,17,27,0.63,1,28,14,7,3,8,18,21,55,0.382,10,24,0.417,7,12,0.583,8,37,9,4,6,14,20
"408","WIS","2022","2023-01-03","2023","01","Minnesota","1",63,60,24,55,0.436,8,20,0.4,7,9,0.778,2,24,9,13,2,8,15,24,55,0.436,5,14,0.357,7,11,0.636,9,37,7,5,2,20,10
"409","WIS","2022","2023-01-10","2023","01","Michigan State","0",65,69,25,55,0.455,9,23,0.391,6,8,0.75,3,18,9,6,1,5,18,23,44,0.523,7,13,0.538,16,17,0.941,3,32,10,3,3,13,12
"410","WIS","2022","2023-01-17","2023","01","Penn State","1",63,60,23,54,0.426,7,17,0.412,10,16,0.625,5,28,8,3,2,5,13,22,49,0.449,8,20,0.4,8,11,0.727,4,31,10,3,5,10,21
"411","WIS","2022","2023-01-28","2023","01","Illinois","0",51,61,19,57,0.333,9,27,0.333,4,7,0.571,5,30,9,6,0,9,18,22,51,0.431,6,20,0.3,11,18,0.611,6,34,7,2,5,11,14
"412","WIS","2022","2023-02-05","2023","02","Northwestern","0",52,54,19,50,0.38,9,23,0.391,5,11,0.455,6,23,13,6,1,8,14,21,45,0.467,4,15,0.267,8,13,0.615,6,33,11,5,5,9,14
"413","WIS","2022","2023-02-14","2023","02","Michigan","1",64,59,22,66,0.333,6,18,0.333,14,18,0.778,14,36,10,3,0,4,14,24,57,0.421,5,16,0.313,6,10,0.6,8,37,7,2,5,11,15
"414","WIS","2022","2023-02-18","2023","02","Rutgers","0",57,58,19,57,0.333,12,36,0.333,7,9,0.778,8,31,16,4,0,5,13,23,52,0.442,7,17,0.412,5,5,1,3,29,14,2,4,8,10
"415","WIS","2022","2023-02-22","2023","02","Iowa","1",64,52,25,48,0.521,4,18,0.222,10,18,0.556,7,36,11,1,0,10,12,20,62,0.323,3,28,0.107,9,13,0.692,12,27,8,3,2,6,19
"416","WIS","2022","2023-03-02","2023","03","Purdue","0",61,63,23,58,0.397,10,24,0.417,5,5,1,6,21,8,5,0,6,17,24,48,0.5,4,19,0.211,11,18,0.611,10,36,11,3,1,10,11
